kanji,frame,key word,components,on_reading,kun_reading,stroke_count,jlpt
一,1,one,,イチ; イツ,ひと-; ひと.つ,1,N5
二,2,two,,ニ; ジ,ふた; ふた.つ; ふたた.び,2,N5
三,3,three,,サン; ゾウ,み; み.つ; みっ.つ,3,N5
四,4,four,pent in; human legs,シ,よ; よ.つ; よっ.つ; よん,5,N5
五,5,five,,ゴ,いつ; いつ.つ,4,N5
六,6,six,top hat; animal legs,ロク; リク,む; む.つ; むっ.つ; むい,4,N5
七,7,seven,diced,シチ,なな; なな.つ; なの,2,N5
八,8,eight,,ハチ,や; や.つ; やっ.つ; よう,2,N5
九,9,nine,baseball,キュウ; ク,ここの; ここの.つ,2,N5
十,10,ten,needle,ジュウ; ジッ; ジュッ,とお; と,2,N5
口,11,mouth,,コウ; ク,くち,3,N4
日,12,day,sun,ニチ; ジツ,ひ; -び; -か,4,N5
月,13,month,moon; flesh; part of the body,ゲツ; ガツ,つき,4,N5
田,14,rice field,brains,デン,た,5,N4
目,15,eye,,モク; ボク,め; -め; ま-,5,N4
古,16,old,tombstone; gravestone; church; ten; needle; mouth,コ,ふる.い; ふる-; -ふる.す,5,N4
吾,17,I,five; mouth,ゴ,われ; わが-; あ-,7
冒,18,risk,sun; day; eye,ボウ,おか.す,9,N1
朋,19,companion,moon; month; flesh; part of the body,ホウ,とも,8,N1
明,20,bright,sun; day; moon; month; flesh; part of the body,メイ; ミョウ; ミン,あ.かり; あか.るい; あか.るむ; あか.らむ; あき.らか; あ.ける; -あ.け; あ.く; あ.くる; あ.かす,8,N4
唱,21,chant,mouth; prosperous; sun; day; tongue wagging,ショウ,とな.える,11,N1
晶,22,sparkle,day; sun,ショウ,,12,N1
品,23,goods,mouth,ヒン; ホン,しな,9,N4
呂,24,spine,mouth; drop,ロ; リョ,せぼね,7,N1
昌,25,prosperous,sun; day,ショウ,さかん,8,N1
早,26,early,sunflower; sun; day; ten; needle,ソウ; サッ,はや.い; はや; はや-; はや.まる; はや.める; さ-,6,N4
旭,27,rising sun,nine; baseball; sun; day,キョク,あさひ,6,N1
世,28,generation,ten; twenty,セイ; セ; ソウ,よ; さんじゅう,5,N4
胃,29,stomach,rice field; brains; moon; month; flesh; part of the body,イ,,9,N2
旦,30,nightbreak,sun; one; floor,タン; ダン,あき.らか; あきら; ただし; あさ; あした,5,N1
胆,31,gall bladder,gallbladder; moon; month; flesh; part of the body; nightbreak; sun; day; one; floor,タン,きも,9,N1
亘,32,span,one; ceiling; sun; day; one; floor,コウ; カン,わた.る; もと.める,6,N1
凹,33,concave,,オウ,くぼ.む; へこ.む; ぼこ,5,N1
凸,34,convex,,トツ,でこ,5,N1
旧,35,olden times,stick; sun; day,キュウ,ふる.い; もと,5,N2
自,36,oneself,drop; eye,ジ; シ,みずか.ら; おの.ずから; おの.ずと,6,N4
白,37,white,drop; sun; day,ハク; ビャク,しろ; しら-; しろ.い,5,N5
百,38,hundred,one; ceiling; white; dove,ヒャク; ビャク,もも,6,N5
中,39,in,stick; mouth,チュウ,なか; うち; あた.る,4,N5
千,40,thousand,drop; ten; needle,セン,ち,3,N5
舌,41,tongue,thousand; drop; ten; needle; mouth,ゼツ,した,6,N1
升,42,measuring box,thousand; drop; ten; needle,ショウ,ます,4,N1
昇,43,rise up,sun; day; measuring box; thousand; drop; ten; needle,ショウ,のぼ.る,8,N2
丸,44,round,drop; nine; baseball,ガン,まる; まる.める; まる.い,3,N2
寸,45,measurement,glue; drop; ten with a hook,スン,,3,N1
肘,46,elbow,moon; month; flesh; part of the body; glue,チュウ,ひじ,7
専,47,specialty,ten; needle; rice field; brains; glue,セン,もっぱ.ら,9,N2
博,48,Dr.,ten; needle; acupuncturist; specialty; drop; ten; needle; rice field; brains; glue,ハク; バク,,12,N1
占,49,fortune-telling,magic wand; augury; divining rod; mouth,セン,し.める; うらな.う,5,N2
上,50,above,magic wand; augury; divining rod; one; floor,ジョウ; ショウ; シャン,うえ; -うえ; うわ-; かみ; あ.げる; -あ.げる; あ.がる; -あ.がる; あ.がり; -あ.がり; のぼ.る; のぼ.り; のぼ.せる; のぼ.す; よ.す,3,N5
下,51,below,one; ceiling; magic wand; augury; divining rod,カ; ゲ,した; しも; もと; さ.げる; さ.がる; くだ.る; くだ.り; くだ.す; -くだ.す; くだ.さる; お.ろす; お.りる,3,N5
卓,52,eminent,magic wand; augury; divinging rod; sunflower; sun; day; ten; needle,タク,,8,N1
朝,53,morning,mist; ten; needle; early; sun; day; moon; month; flesh; part of the body,チョウ,あさ,12,N4
嘲,54,derision,mouth; morning; mist; ten; needle; early; sun; day; moon; month; flesh; part of the body,チョウ; トウ,あざけ.る,15
只,55,only,mouth; animal legs; eight,シ,ただ,5,N1
貝,56,shellfish,clam; oyster; eye; animal legs; eight,バイ,かい,7,N2
唄,57,pop song,mouth; shellfish; clam; oyster; eye; animal legs; eight,バイ,うた; うた.う,10,N1
貞,58,upright,magic wand; augury; divining rod; shellfish; clam; oyster; eye; animal legs; eight,テイ,さだ,9,N1
員,59,employee,mouth; shellfish; clam; oyster; eye; animal legs; eight,イン,,10,N4
貼,60,post a bill,shellfish; clam; oyster; eye; animal legs; eight; fortune-telling; magic wand; augury; mouth,テン; チョウ,は.る; つ.く,12
見,61,see,eye; human legs,ケン,み.る; み.える; み.せる,7,N5
児,62,newborn babe,olden times; stick; sun; day; human legs,ジ; ニ; ゲイ,こ; -こ; -っこ,7,N2
元,63,beginning,two; human legs,ゲン; ガン,もと,4,N4
頁,64,page,one; ceiling; drop; shellfish; clam; oyster; eye; animal legs; eight,ケツ,ぺえじ; おおがい; かしら,9
頑,65,stubborn,beginning; two; human legs; head; page; one; ceiling; drop; shellfish; clam; oyster; eye; animal legs; eight,ガン,かたく,13,N1
凡,66,mediocre,drop; wind,ボン; ハン,およ.そ; おうよ.そ; すべ.て,3,N1
負,67,defeat,bound up; shellfish; clam; oyster; eye; animal legs; eight,フ,ま.ける; ま.かす; お.う,9,N3
万,68,ten thousand,one; ceiling; bound up,マン; バン,よろず,3,N5
句,69,phrase,bound up; mouth,ク,,5,N1
肌,70,texture,moon; month; flesh; part of the body; wind,キ,はだ,6,N2
旬,71,decameron,bound up; sun; day,ジュン; シュン,,6,N1
勺,72,ladle,bound up; drop,シャク,,3,N1
的,73,bull's eye,bull’s eye; white; dove; ladle; bound up; drop,テキ,まと,8
首,74,neck,horns; nose; one; ceiling; drop; eye,シュ,くび,9,N3
乙,75,fish guts,fishguts; fishhook,オツ; イツ,おと-; きのと,1,N1
乱,76,riot,tongue; thousand; drop; ten; needle; mouth; fishhook,ラン; ロン,みだ.れる; みだ.る; みだ.す; みだ; おさ.める; わた.る,7,N2
直,77,straightaway,ten; needle; eye; fishhook,チョク; ジキ; ジカ,ただ.ちに; なお.す; -なお.す; なお.る; なお.き; す.ぐ,8,N3
具,78,tool,eye; one; animal legs; eight,グ,そな.える; つぶさ.に,8,N3
真,79,true,ten; needle; eye; tool; one; animal legs; eight,シン,ま; ま-; まこと,10,N4
工,80,craft,artificial,コウ; ク; グ,,3,N4
左,81,left,by one’s side; craft,サ; シャ,ひだり,5,N5
右,82,right,by one’s side; mouth,ウ; ユウ,みぎ,5,N5
有,83,possess,by one’s side; moon; month; flesh; part of the body,ユウ; ウ,あ.る,6,N4
賄,84,bribe,shellfish; clam; oyster; eye; animal legs; eight; possess; by one’s side; moon; month; flesh; part of the body,ワイ,まかな.う,13,N1
貢,85,tribute,craft; shellfish; clam; oyster; eye; animal legs; eight,コウ; ク,みつ.ぐ,10,N1
項,86,paragraph,craft; head; page; one; ceiling; drop; shellfish; clam; oyster; eye; animal legs; eight,コウ,うなじ,12,N1
刀,87,sword,dagger,トウ,かたな; そり,2,N1
刃,88,blade,drop; sword; dagger,ジン; ニン,は; やいば; き.る,3,N1
切,89,cut,seven; diced; sword; dagger,セツ; サイ,き.る; -き.る; き.り; -き.り; -ぎ.り; き.れる; -き.れる; き.れ; -き.れ; -ぎ.れ,4,N4
召,90,seduce,sword; dagger; mouth,ショウ,め.す,5,N2
昭,91,shining,sun; day; seduce; summon; sword; dagger; mouth,ショウ,,9,N1
則,92,rule,shellfish; clam; oyster; eye; animal legs; eight; sword; sabre; saber,ソク,のっと.る,9,N2
副,93,vice-,wealth; one; ceiling; mouth; rice field; brains; sword; sabre; saber,フク,,11,N2
別,94,separate,mouth; bound up; sword; sabre; saber,ベツ,わか.れる; わ.ける,7,N4
丁,95,street,nail; spike,チョウ; テイ; チン; トウ; チ,ひのと,2,N1
町,96,village,rice field; brains; street; nail; spike,チョウ,まち,7,N4
可,97,can,mouth; street; street; nail; spike,カ; コク,-べ.き,5
頂,98,place on the head,street; nail; spike; head; page; one; ceiling; drop; shellfish; clam; oyster; eye; animal legs; eight,チョウ,いただ.く; いただき,11,N3
子,99,child,,シ; ス; ツ,こ; -こ; ね,3,N5
孔,100,cavity,child; fishhook,コウ,あな,4,N1
了,101,complete,child with arms wrapped up,リョウ,,2,N2
女,102,woman,,ジョ; ニョ; ニョウ,おんな; め,3,N5
好,103,fond,woman; child,コウ,この.む; す.く; よ.い; い.い,6,N3
如,104,likeness,woman; mouth,ジョ; ニョ,ごと.し,6,N1
母,105,mama,mother; breasts,ボ,はは; も,5,N5
貫,106,pierce,mama; mother; breasts; oyster; shellfish; clam; oyster; eye; animal legs; eight,カン,つらぬ.く; ぬ.く; ぬき,11,N1
兄,107,elder brother,teenager; mouth; human legs,ケイ; キョウ,あに,5,N4
呪,108,curse,mouth; elder brother; teenager; mouth; human legs,ジュ; シュ; シュウ; ズ,まじな.う; のろ.い; まじな.い; のろ.う,8
克,109,overcome,ten; needle; elder brother; teenager; mouth; human legs,コク,か.つ,7,N1
小,110,little,small,ショウ,ちい.さい; こ-; お-; さ-,3,N5
少,111,few,little; small; drop,ショウ,すく.ない; すこ.し,4,N4
大,112,large,St. Bernard,ダイ; タイ,おお-; おお.きい; -おお.いに,3,N5
多,113,many,evening,タ,おお.い; まさ.に; まさ.る,6,N4
夕,114,evening,,セキ,ゆう,3,N4
汐,115,eventide,water; water droplets; water pistol; evening,セキ,しお; うしお; せい,6,N1
外,116,outside,evening; magic wand; augury,ガイ; ゲ,そと; ほか; はず.す; はず.れる; と-,5,N5
名,117,name,evening; mouth,メイ; ミョウ,な; -な,6,N5
石,118,stone,cliff; mouth,セキ; シャク; コク,いし,5,N3
肖,119,resemblance,spark; candle; small; little; moon; month; flesh; part of the body,ショウ,あやか.る,7,N1
硝,120,nitrate,stone; rock; resemblance; spark; candle; small; little; moon; month; flesh; part of the body,ショウ,,12,N1
砕,121,smash,stone; rock; ninety; nine; baseball; ten; needle,サイ,くだ.く; くだ.ける,9,N1
砂,122,sand,stone; rock; few,サ; シャ,すな,9,N2
妬,123,jealous,woman; stone; rock,ト; ツ,ねた.む; そね.む; つも.る; ふさ.ぐ,8
削,124,plane,resemblance; spark; candle; small; little; moon; month; flesh; part of the body; sword; sabre; saber,サク,けず.る; はつ.る; そ.ぐ,9,N1
光,125,ray,small; little; human legs,コウ,ひか.る; ひかり,6,N3
太,126,plump,large; St. Bernard; drop,タイ; タ,ふと.い; ふと.る,4,N3
器,127,utensil,mouth; large; St. Bernard,キ,うつわ,15,N1
臭,128,stinking,nose; drop; eye; large; St. Bernard,シュウ,くさ.い; -くさ.い; にお.う; にお.い,9,N1
嗅,129,sniff,,キュウ,か.ぐ,13
妙,130,exquisite,woman; few,ミョウ; ビョウ,たえ,7,N1
省,131,focus,few; eye,セイ; ショウ,かえり.みる; はぶ.く,9,N2
厚,132,thick,cliff; sun; day; child,コウ,あつ.い; あか,9,N2
奇,133,strange,large; St. Bernard; can; mouth; street; nail; spike,キ,く.しき; あや.しい; くし; めずら.しい,8,N1
川,134,stream,flood,セン,かわ,3,N5
州,135,state,stream; flood; drops,シュウ; ス,す,6,N2
順,136,obey,stream; flood; head; page; one; ceiling; drop; shellfish; clam; oyster; eye; animal legs; eight,ジュン,,12,N2
水,137,water,,スイ,みず; みず-,4,N5
氷,138,icicle,drop; water,ヒョウ,こおり; ひ; こお.る,5,N2
永,139,eternity,drop; water,エイ,なが.い,5,N2
泉,140,spring,white; dove; water,セン,いずみ,9,N2
腺,141,gland,moon; month; flesh; part of the body; spring; white; dove; water,セン,,13
原,142,meadow,cliff; spring; white; dove; small; little,ゲン,はら,10,N3
願,143,petition,meadow; cliff; white; dove; small; little; head; page; one; ceiling; drop; shellfish; clam; oyster; eye; animal legs; eight,ガン,ねが.う; -ねがい,19,N3
泳,144,swim,water; water droplets; water pistol; eternity,エイ,およ.ぐ,8,N3
沼,145,marsh,water; water droplets; water pistol; summon; seduce; sword; dagger; mouth,ショウ,ぬま,8,N1
沖,146,open sea,water; water droplets; water pistol; in; stick; mouth,チュウ,おき; おきつ; ちゅう.する; わく,7,N1
汎,147,pan-,water; water droplets; water pistol; mediocre; wind; drop,ハン; ブ; フウ; ホウ; ホン,ただよ.う; ひろ.い,6
江,148,creek,water; water droplets; water pistol; craft,コウ,え,6,N1
汰,149,cleanse,water; water droplets; water pistol; plump; large; St. Bernard; drop,タ; タイ,おご.る; にご.る; よな.げる,7,N1
汁,150,soup,water; water droplets; water pistol; ten; needle,ジュウ,しる; -しる; つゆ,5,N1
沙,151,grains of sand,water; water droplets; water pistol; few,サ; シャ,すな; よなげる,7,N1
潮,152,tide,water; water droplets; water pistol; morning; mist; ten; needle; early; sun; day; moon; month; flesh; part of the body,チョウ,しお; うしお,15,N1
源,153,source,water; water droplets; water pistol; meadow; cliff; sun; day; small; little,ゲン,みなもと,13,N1
活,154,lively,water; water droplets; water pistol; tongue; drop; old; tombstone; gravestone; church; ten; needle; mouth,カツ,い.きる; い.かす; い.ける,9,N3
消,155,extinguish,water; water droplets; water pistol; resemblance; spark; candle; small; little; moon; month; flesh; part of the body,ショウ,き.える; け.す,10,N3
況,156,but of course,water; water droplets; water pistol; elder brother; teenager; mouth; human legs,キョウ,まし.て; いわ.んや; おもむき,8,N2
河,157,river,water; water droplets; water pistol; can; street; nail; spike; mouth,カ,かわ,8,N2
泊,158,overnight,water; water droplets; water pistol; white; dove,ハク,と.まる; と.める,8,N2
湖,159,lake,water; water droplets; water pistol; uncivilized; zombie; old; tombstone; gravestone; church; ten; needle; mouth; moon; month; flesh; part of the body,コ,みずうみ,12,N2
測,160,fathom,water; water droplets; water pistol; rule; shellfish; clam; oyster; eye; animal legs; eight; sword; sabre; saber,ソク,はか.る,12,N2
土,161,soil,dirt; ground,ド; ト,つち,3,N5
吐,162,spit,mouth; soil; dirt; ground,ト,は.く; つ.く,6,N1
圧,163,pressure,cliff; soil; dirt; ground,アツ; エン; オウ,お.す; へ.す; おさ.える; お.さえる,5,N2
埼,164,cape,soil; dirt; ground; strange; large; St. Bernard; street; nail; spike; mouth,キ,さき; さい; みさき,11
垣,165,hedge,soil; dirt; ground; span; one; ceiling; sun; day; one; floor; one,エン,かき,9,N1
填,166,inlay,,,,13
圭,167,squared jewel,square jewel; ivy; soil; dirt; ground,ケイ; ケ,,6,N1
封,168,seal,ivy; square jewel; soil; dirt; ground; glue,フウ; ホウ,,9,N2
涯,169,horizon,water; water droplets; water pistol; cliff; ivy; square jewel; soil; dirt; ground,ガイ,はて,11,N1
寺,170,Buddhist temple,buddhist temple; soil; dirt; ground; glue,ジ,てら,6,N2
時,171,time,sun; day; Buddhist temple; soil; dirt; ground; glue,ジ,とき; -どき,10,N5
均,172,level,soil; dirt; ground; ladle; drop,キン,なら.す,7,N2
火,173,fire,,カ,ひ; -び; ほ-,4,N5
炎,174,inflammation,fire,エン,ほのお,8,N1
煩,175,anxiety,fire; head; page; one; ceiling; drop; shellfish; clam; oyster; eye; animal legs; eight,ハン; ボン,わずら.う; わずら.わす,13,N1
淡,176,thin,water; water droplets; water pistol; inflammation; fire,タン,あわ.い,11,N1
灯,177,lamp,fire; street; nail; spike,トウ,ひ; ほ-; ともしび; とも.す; あかり,6,N2
畑,178,farm,fire; rice field; brains,,はた; はたけ; -ばたけ,9
災,179,disaster,stream; flood; fire,サイ,わざわ.い,7,N1
灰,180,ashes,cliff; fire,カイ,はい,6,N2
点,181,spot,fortune-telling; magic wand; augury; mouth; oven-fire; barbecue,テン,つ.ける; つ.く; た.てる; さ.す; とぼ.す; とも.す; ぼち,9,N3
照,182,illuminate,shining; sun; day; summon; seduce; sword; dagger; mouth; oven-fire; barbecue,ショウ,て.る; て.らす; て.れる,13,N2
魚,183,fish,bound up; rice field; brains; oven-fire; barbecue,ギョ,うお; さかな; -ざかな,11,N4
漁,184,fishing,water; water droplets; water pistol; fish; bound up; rice field; brains; oven-fire; barbecue,ギョ; リョウ,あさ.る,14,N2
里,185,ri,computer; rice field; brains; soil; dirt; ground,リ,さと,7
黒,186,black,computer; oven-fire; barbecue,コク,くろ; くろ.ずむ; くろ.い,11,N4
墨,187,black ink,black; computer; oven-fire; barbecue,ボク,すみ,14,N1
鯉,188,carp,fish; bound up; rice field; brains; oven-fire; barbecue; computer,リ,こい,18,N1
量,189,quantity,nightbreak; sun; day; one; floor; computer,リョウ,はか.る,12,N2
厘,190,rin,cliff; computer,リン,,9,N1
埋,191,bury,soil; dirt; ground; computer,マイ,う.める; う.まる; う.もれる; うず.める; うず.まる; い.ける,10,N2
同,192,same,monks; hood; one; mouth,ドウ,おな.じ,6,N4
洞,193,den,water; water droplets; water pistol; same; monks; hood; one; mouth,ドウ,ほら,9,N1
胴,194,trunk,moon; month; flesh; part of the body; same; monks; hood; one; mouth,ドウ,,10,N1
向,195,yonder,alien; drop; helmet; hood; mouth,コウ,む.く; む.い; -む.き; む.ける; -む.け; む.かう; む.かい; む.こう; む.こう-; むこ; むか.い,6,N3
尚,196,esteem,small; little; alien; glass canopy; hood; mouth,ショウ,なお,8,N1
字,197,character,house; child,ジ,あざ; あざな; -な,6,N4
守,198,guard,house; glue,シュ; ス,まも.る; まも.り; もり; -もり; かみ,6,N3
完,199,perfect,house; beginning; two; human legs,カン,,7,N3
宣,200,proclaim,house; span; one; ceiling; sun; day; one; floor; one,セン,のたま.う; のたま.わく,9,N1
宵,201,wee hours,house; resemblance; spark; candle; small; little; moon; month; flesh; part of the body,ショウ,よい,10,N1
安,202,relax,house; woman,アン,やす.い; やす.まる; やす; やす.らか,6,N4
宴,203,banquet,relax; house; sun; day; tongue wagging; woman,エン,うたげ,10,N1
寄,204,draw near,house; strange; large; St. Bernard; can; street; nail; spike; mouth,キ,よ.る; -よ.り; よ.せる,11,N3
富,205,wealth,house; one; ceiling; mouth; rice field; brains,フ; フウ,と.む; とみ,12,N3
貯,206,savings,shellfish; clam; oyster; eye; animal legs; eight; house; street; nail; spike,チョ,た.める; たくわ.える,12,N2
木,207,tree,wood,ボク; モク,き; こ-,4,N5
林,208,grove,tree; wood,リン,はやし,8,N2
森,209,forest,tree; wood,シン,もり,12,N2
桂,210,Japanese Judas-tree,Japanese Judas tree; tree; wood; ivy; square jewel; soil; dirt; ground,ケイ,かつら,10,N1
柏,211,oak,tree; wood; white; dove,ハク; ヒャク; ビャク,かしわ,9
枠,212,frame,tree; wood; ninety; nine; baseball; ten; needle,,わく,8,N1
梢,213,treetops,tree; wood; resemblance; spark; candle; small; little; moon; month; flesh; part of the body,ショウ,こずえ; くすのき,11,N1
棚,214,shelf,tree; wood; companion; moon; month; flesh; part of the body; flesh,ホウ,たな; -だな,12,N1
杏,215,apricot,tree; wood; mouth,キョウ; アン; コウ,あんず,7,N1
桐,216,paulownia,tree; wood; same; monks; hood; one; mouth,トウ; ドウ,きり,10,N1
植,217,plant,tree; wood; straightaway; ten; needle; eye; fishhook,ショク,う.える; う.わる,12,N2
椅,218,chair,tree; wood; strange; large; St. Bernard; street; nail; spike; mouth,イ,,12
枯,219,wither,tree; wood; old; tombstone; gravestone; church; ten; needle; mouth,コ,か.れる; か.らす,9,N2
朴,220,crude,tree; wood; magic wand; augury,ボク,ほう; ほお; えのき,6,N1
村,221,village,tree; wood; measure; glue,ソン,むら,7,N2
相,222,inter-,tree; wood; eye,ソウ; ショウ,あい-,9,N3
机,223,desk,tree; wood; wind,キ,つくえ,6,N2
本,224,book,tree; wood; one,ホン,もと,5,N5
札,225,tag,tree; wood; fishhook,サツ,ふだ,5,N2
暦,226,calendar,cliff; grove; tree; wood; sun; day,レキ,こよみ; りゃく,14,N1
案,227,plan,relax; house; woman; tree; wood,アン,つくえ,10,N1
燥,228,parch,fire; furniture; wooden goods; mouth; tree; wood,ソウ,はしゃ.ぐ,17,N2
未,229,not yet,tree; wood; one,ミ; ビ,いま.だ; ま.だ; ひつじ,5,N3
末,230,extremity,tree; wood; one,マツ; バツ,すえ,9
昧,231,obscure,sun; not yet; one; tree; wood,マイ; バイ,くら.い; むさぼ.る,5,N3
沫,232,splash,water; water droplets; water pistol; extremity; one; tree; wood,マツ; バツ,あわ; しぶき; つばき,8
味,233,flavor,mouth; not yet; one; tree; wood,ミ,あじ; あじ.わう,8,N4
妹,234,younger sister,woman; not yet; one; tree; wood,マイ,いもうと,8,N4
朱,235,vermilion,vermillion; drop; not yet; one; tree; wood,シュ,あけ,6,N1
株,236,stocks,tree; wood; vermillion; drop; not yet; one; tree; wood,シュ,かぶ,10,N1
若,237,young,flowers; right; by one’s side; mouth,ジャク; ニャク; ニャ,わか.い; わか-; も.しくわ; も.し; も.しくは,8,N3
草,238,grass,flowers; sunflower; early; sun; day; ten; needle,ソウ,くさ; くさ-; -ぐさ,9,N3
苦,239,suffering,flowers; old; tombstone; gravestone; church; ten; needle; mouth,ク,くる.しい; -ぐる.しい; くる.しむ; くる.しめる; にが.い; にが.る,8,N3
苛,240,bullying,flowers; can; mouth; street; street; nail; spike,カ,いじ.める; さいな.む; いらだ.つ; からい; こまかい,8
寛,241,tolerant,house; flowers; look; see; telescope; eye; human legs,カン,くつろ.ぐ; ひろ.い; ゆる.やか,13,N1
薄,242,dilute,flowers; water; water droplets; water pistol; acupuncturist; specialty; drop; ten; needle; rice field; brains; glue,ハク,うす.い; うす-; -うす; うす.める; うす.まる; うす.らぐ; うす.ら-; うす.れる; すすき,16,N2
葉,243,leaf,flowers; Tarzan; generation; tree; wood,ヨウ,は,12,N3
模,244,imitation,tree; wood; graveyard; flowers; sun; day; large; St. Bernard,モ; ボ,,14,N1
漠,245,vague,water; water droplets; water pistol; graveyard; flowers; sun; day; large; St. Bernard,バク,,13,N1
墓,246,grave,graveyard; flowers; sun; day; large; St. Bernard; soil; dirt; ground,ボ,はか,13,N1
暮,247,livelihood,graveyard; flowers; sun; day; large; St. Bernard,ボ,く.れる; く.らす,14,N3
膜,248,membrane,moon; month; flesh; part of the body; graveyard; flowers; sun; day; large; St. Bernard,マク,,14,N1
苗,249,seedling,flowers; rice field; brains,ビョウ; ミョウ,なえ; なわ-,8,N1
兆,250,portent,turtle,チョウ,きざ.す; きざ.し,6,N2
桃,251,peach tree,tree; wood; portent; turtle,トウ,もも,10,N1
眺,252,stare,eye; portent; turtle,チョウ,なが.める,11,N1
犬,253,dog,large; St. Bernard; drop,ケン,いぬ; いぬ-,4,N4
状,254,status quo,turtle; chihuahua; dog; large; drop,ジョウ,,7,N3
黙,255,silence,black; computer; chihuahua; dog; large; drop; oven-fire; barbecue,モク; ボク,だま.る; もだ.す,15,N1
然,256,sort of thing,moon; crescent moon; month; flesh; part of the body; chihuahua; dog; large; drop; oven-fire; barbecue,ゼン; ネン,しか; しか.り; しか.し; さ,12,N3
荻,257,reed,flowers; pack of wild dogs; fire,テキ,おぎ,10
狩,258,hunt,pack of wild dogs; guard; house; glue,シュ,か.る; か.り; -が.り,9,N1
猫,259,cat,pack of wild dogs; seedlings; flowers; rice field; brains,ビョウ,ねこ,11,N3
牛,260,cow,,ギュウ,うし,4,N4
特,261,special,cow; Buddhist temple; soil; dirt; ground; glue,トク,,10,N4
告,262,revelation,cow; mouth,コク,つ.げる,7,N3
先,263,before,cow; human legs,セン,さき; ま.ず,6,N5
洗,264,wash,water; water droplets; water pistol; before; cow; human legs,セン,あら.う,9,N3
介,265,jammed in,umbrella; stick; walking cane,カイ,,4,N2
界,266,world,rice field; brains; jammed in; umbrella; stick; cane,カイ,,9,N4
茶,267,tea,flowers; umbrella; wooden pole,チャ; サ,,9,N4
脊,268,spinal column,I Ching; Master Po; umbrella; moon; month; flesh; part of the body,セキ,せ; せい,10
合,269,fit,meeting; umbrella; one; mouth,ゴウ; ガッ; カッ,あ.う; -あ.う; あ.い; あい-; -あ.い; -あい; あ.わす; あ.わせる; -あ.わせる,6,N3
塔,270,pagoda,soil; dirt; ground; flowers; fit; meeting; umbrella; one; mouth,トウ,,12,N2
王,271,king,jewel; ball,オウ; ノウ,,4,N3
玉,272,jewel,king; ball; earring; drop,ギョク,たま; たま-; -だま,5,N2
宝,273,treasure,house; king; jewel; ball; earring; drop,ホウ,たから,8,N2
珠,274,pearl,king; jewel; ball; vermillion; drop; not yet; one; tree; wood,シュ,たま,10,N1
現,275,present,king; jewel; ball; see; telescope; eye; human legs,ゲン,あらわ.れる; あらわ.す; うつつ; うつ.つ,11,N3
玩,276,toy,king; jewel; ball; beginning; two; human legs,ガン,もちあそ.ぶ; もてあそ.ぶ,8
狂,277,lunatic,pack of wild dogs; king; jewel; ball,キョウ,くる.う; くる.おしい; くるお.しい,7,N1
旺,278,effulgent,sun; day; king; jewel; ball,オウ; キョウ; ゴウ,かがや.き; うつくし.い; さかん,8,N1
皇,279,emperor,white; dove; king; jewel; ball,コウ; オウ,,9,N1
呈,280,display,mouth; king; jewel; ball,テイ,,7,N1
全,281,whole,umbrella; king; jewel; ball,ゼン,まった.く; すべ.て,6,N3
栓,282,plug,tree; wood; whole; umbrella; king; jewel; ball,セン,,10,N1
理,283,logic,king; jewel; ball; computer,リ,ことわり,11,N4
主,284,lord,drop; king; jewel; ball,シュ; ス; シュウ,ぬし; おも; あるじ,5,N4
注,285,pour,water; water droplets; water pistol; candlestick; lord; drop; king; jewel; ball,チュウ,そそ.ぐ; さ.す; つ.ぐ,8,N4
柱,286,pillar,tree; wood; candlestick; lord; drop; king; jewel; ball,チュウ,はしら,9,N2
金,287,gold,metal; umbrella; drop; king; jewel; ball,キン; コン; ゴン,かね; かな-; -がね,8,N5
銑,288,pig iron,pig-iron; metal; gold; before; cow; human legs,セン,,14,N1
鉢,289,bowl,metal; gold; origin; book; tree; wood; one,ハチ; ハツ,,13,N1
銅,290,copper,metal; gold; same; monks; hood; one; mouth,ドウ,あかがね,14,N2
釣,291,angling,metal; gold; ladle; bound up; drop,チョウ,つ.る; つ.り; つ.り-,11,N1
針,292,needle,metal; gold; ten,シン,はり,10,N2
銘,293,inscription,metal; gold; name; evening; mouth,メイ,,14,N1
鎮,294,tranquillize,tranquilize; metal; gold; true; truth; ten; needle; eye; tool; animal legs; eight,チン,しず.める; しず.まる; おさえ,18,N1
道,295,road-way,neck; horns; drop; eye; road,ドウ; トウ,みち,12,N4
導,296,guidance,neck; horns; drop; eye; road; glue,ドウ,みちび.く,15,N2
辻,297,crossing,cross; ten; needle; road,,つじ,5
迅,298,swift,fishhook; cross; ten; needle; road,ジン,,6,N1
造,299,create,revelation; cow; mouth; road,ゾウ,つく.る; つく.り; -づく.り,10,N2
迫,300,urge,white; dove; road,ハク,せま.る,8,N1
逃,301,escape,turtle; portent; road,トウ,に.げる; に.がす; のが.す; のが.れる,9,N3
辺,302,environs,dagger; sword; road,ヘン,あた.り; ほと.り; -べ,5,N2
巡,303,patrol,deluge; stream; flood; road,ジュン,めぐ.る; めぐ.り,6,N1
車,304,car,sun; ten; needle,シャ,くるま,7,N5
連,305,take along,car; road,レン,つら.なる; つら.ねる; つ.れる; -づ.れ,10,N3
軌,306,rut,car; nine; baseball,キ,,9,N1
輸,307,transport,car; meeting of butchers; umbrella; one; moon; month; flesh; part of the body; sword; sabre; saber,ユ; シュ,,16,N2
喩,308,metaphor,,,,12
前,309,in front,horns; butcher; moon; month; flesh; part of the body; sword; sabre; saber,ゼン,まえ; -まえ,9,N5
煎,310,roast,in front; horns; butcher; moon; month; flesh; part of the body; sword; sabre; saber; oven-fire; barbecue,セン,せん.じる; い.る; に.る,13
各,311,each,walking legs; mouth,カク,おのおの,6,N2
格,312,status,tree; wood; each; walking legs; mouth,カク; コウ; キャク; ゴウ,,10,N3
賂,313,graft,shellfish; clam; oyster; eye; animal legs; eight; each; walking legs; mouth,ロ,まいな.い; まいな.う,13
略,314,abbreviation,rice field; brains; each; walking legs; mouth,リャク,ほぼ; おか.す; おさ.める; はかりごと; はか.る; はぶ.く; りゃく.す; りゃく.する,11,N2
客,315,guest,house; each; walking legs; mouth,キャク; カク,,9,N3
額,316,forehead,guest; house; each; walking legs; mouth; head; page; one; ceiling; drop; shellfish; clam; oyster; eye; animal legs; eight,ガク,ひたい,18,N2
夏,317,summer,one; ceiling; drop; eye; walking legs,カ; ガ; ゲ,なつ,10,N4
処,318,dispose,walking legs; wind,ショ,ところ; -こ; お.る,5,N3
条,319,twig,walking legs; tree; wood,ジョウ; チョウ; デキ,えだ; すじ,7,N1
落,320,fall,flowers; water; water droplets; water pistol; each; walking legs; mouth,ラク,お.ちる; お.ち; お.とす,12,N3
冗,321,superfluous,crown; weathercock; wind,ジョウ,,4,N1
冥,322,Hades,hades; crown; sun; day; six,メイ; ミョウ,くら.い,10
軍,323,army,chariot; crown; vehicle; car,グン,,9,N2
輝,324,radiance,ray; small; little; human legs; army; chariot; crown; vehicle; car,キ,かがや.く,15,N1
運,325,carry,army; chariot; crown; vehicle; car; road,ウン,はこ.ぶ,12,N4
冠,326,crown,beginning; two; human legs; glue,カン,かんむり,9,N1
夢,327,dream,flowers; eye; cross-eyed; net; crown; evening,ム; ボウ,ゆめ; ゆめ.みる; くら.い,13,N3
坑,328,pit,soil; dirt; ground; whirlwind; top hat; wind,コウ,,7,N1
高,329,tall,top hat; mouth; alien; hood; mouth,コウ,たか.い; たか; -だか; たか.まる; たか.める,10,N5
享,330,receive,tall; top hat; mouth; children,キョウ; コウ,う.ける,8,N1
塾,331,cram school,receive; tall; top hat; mouth; child; children; round; nine; baseball; drop; soil; dirt; ground,ジュク,,14,N1
熟,332,mellow,receive; tall; top hat; mouth; child; children; round; nine; baseball; drop; oven-fire; barbecue,ジュク,う.れる,15,N1
亭,333,pavilion,tall; top hat; mouth; crown; street; nail; spike,テイ; チン,,9,N1
京,334,capital,tall; top hat; mouth; small; little,キョウ; ケイ; キン,みやこ,8,N4
涼,335,refreshing,water droplets; water pistol capital; tall; top hat; mouth; small; little,リョウ,すず.しい; すず.む; すず.やか; うす.い; ひや.す; まことに,11,N2
景,336,scenery,sun; day; capital; tall; top hat; mouth; small; little,ケイ,,12,N3
鯨,337,whale,fish; bound up; rice field; brains; oven-fire; barbecue; capital; tall; top hat; mouth; small; little,ゲイ,くじら,19,N1
舎,338,cottage,umbrella; earthenware jar; lidded crock; soil; dirt; ground; mouth,シャ; セキ,やど.る,8,N1
周,339,circumference,glass hood; earthenware jar; lidded crock; soil; dirt; ground; mouth,シュウ,まわ.り,8,N2
週,340,week,circumference; running track; earthenware jar; lidded crock; soil; dirt; ground; mouth; road,シュウ,,11,N4
士,341,gentleman,samurai,シ,,3,N1
吉,342,good luck,samurai; mouth,キチ; キツ,よし,6,N1
壮,343,robust,turtle; samurai,ソウ,さかん,6,N1
荘,344,villa,flowers; robust; turtle; samurai,ソウ; ショウ; チャン,ほうき; おごそ.か,9,N1
売,345,sell,samurai; paper punch; Miss World; crown; human legs,バイ,う.る; う.れる,7,N4
学,346,study,schoolhouse; owl; crown; child,ガク,まな.ぶ,8,N5
覚,347,memorize,schoolhouse; owl; crown; see; telescope; eye; human legs,カク,おぼ.える; さ.ます; さ.める; さと.る,12,N3
栄,348,flourish,schoolhouse; owl; crown; tree; wood,エイ; ヨウ,さか.える; は.え; -ば.え; は.える; え,9,N2
書,349,write,brush; tongue wagging; sun; day,ショ,か.く; -が.き; -がき,10,N5
津,350,haven,water; water droplets; water pistol; brush,シン,つ,9,N1
牧,351,breed,cow; taskmaster,ボク,まき,8,N1
攻,352,aggression,craft; taskmaster,コウ,せ.める,7,N1
敗,353,failure,shellfish; clam; oyster; eye; animal legs; eight; taskmaster,ハイ,やぶ.れる,11,N3
枚,354,a sheet of,sheet of…; tree; wood; taskmaster,マイ; バイ,,8,N2
故,355,happenstance,old; tombstone; gravestone; church; ten; needle; mouth; taskmaster,コ,ゆえ; ふる.い; もと,9,N1
敬,356,awe,flowers; phrase; bound up; mouth; taskmaster,ケイ; キョウ,うやま.う,12,N2
言,357,say,words; keitai; mouth,ゲン; ゴン,い.う; こと,7,N4
警,358,admonish,awe; flowers; phrase; bound up; mouth; taskmaster; say; words; keitai; mouth,ケイ,いまし.める,19,N3
計,359,plot,say; words; keitai; mouth; ten; needle,ケイ,はか.る; はか.らう,9,N4
詮,360,elucidate,say; words; keitai; mouth; whole; umbrella; king; jewel; ball,セン,せん.ずる; かい; あき.らか,13
獄,361,prison,pack of wild dogs; say; words; keitai; mouth; chihuahua; dog; large; drop,ゴク,,14,N1
訂,362,revise,say; words; keitai; mouth; street; nail; spike,テイ,,9,N1
訃,363,obituary,,フ,"しらせ<span class=""Apple-tab-span"" style=""white-space:pre""> </span>",9
討,364,chastise,say; words; keitai; mouth; glue,トウ,う.つ,10,N1
訓,365,instruction,say; words; keitai; mouth; stream; flood,クン; キン,おし.える; よ.む; くん.ずる,10,N2
詔,366,imperial edict,say; words; keitai; mouth; summon; seduce; sword; dagger; mouth,ショウ,みことのり,12,N1
詰,367,packed,say; words; keitai; mouth; aerosol; good luck; samurai; mouth,キツ; キチ,つ.める; つ.め; -づ.め; つ.まる; つ.む,13,N2
話,368,tale,say; words; keitai; mouth; tongue; thousand; mouth,ワ,はな.す; はなし,13,N5
詠,369,recitation,say; words; keitai; mouth; eternity; drop; water,エイ,よ.む; うた.う,12,N1
詩,370,poem,say; words; keitai; mouth; Buddhist temple; soil; dirt; ground; glue,シ,うた,13,N1
語,371,word,say; words; keitai; mouth; I; five; mouth,ゴ,かた.る; かた.らう,14,N5
読,372,read,say; words; keitai; mouth; sell; sale; samurai; paper punch; Miss World; crown; human legs,ドク; トク; トウ,よ.む; -よ.み,14,N5
調,373,tune,say; words; keitai; mouth; circumference; running track; soil; dirt; ground; mouth,チョウ,しら.べる; しら.べ; ととの.う; ととの.える,15,N3
談,374,discuss,say; words; keitai; mouth; inflammation; fire,ダン,,15,N3
諾,375,consent,say; words; keitai; mouth; young; flowers; by one’s side; mouth,ダク,,15,N1
諭,376,rebuke,say; words; keitai; mouth; meeting of butchers; moon; month; flesh; part of the body; sword; sabre; saber,ユ,さと.す,16,N1
式,377,style,arrow; craft,シキ,,6,N3
試,378,test,say; words; keitai; mouth; style; arrow; craft,シ,こころ.みる; ため.す,13,N4
弐,379,II (two),II; two; arrows; quiver,ニ; ジ,ふた.つ; そえ,6,N1
域,380,range,soil; dirt; ground; pope; fiesta; mouth; one; floor,イキ,,11,N2
賊,381,burglar,shellfish; clam; oyster; eye; animal legs; eight; ten; needle; fiesta,ゾク,,13,N1
栽,382,plantation,Thanksgiving; harvest festival; ten; needle; fiesta; tree; wood,サイ,,10,N1
載,383,load,Thanksgiving; harvest festival; ten; needle; fiesta; car; vehicle,サイ,の.せる; の.る,13,N1
茂,384,overgrown,flowers; parade,モ,しげ.る,8,N1
戚,385,relatives,half-uncle; above; small; little; parade,ソク; セキ,いた.む; うれ.える; みうち,11
成,386,turn into,parade; sword; dagger,セイ; ジョウ,な.る; な.す; -な.す,6,N3
城,387,castle,soil; dirt; ground; turn into; parade; sword; dagger,ジョウ,しろ,9,N2
誠,388,sincerity,say; words; keitai; mouth; turn into; sword; dagger; parade,セイ,まこと,13,N1
威,389,intimidate,march; women; woman,イ,おど.す; おど.し; おど.かす,9,N1
滅,390,destroy,water; water droplets; water pistol; march; fire,メツ,ほろ.びる; ほろ.ぶ; ほろ.ぼす,13,N1
減,391,dwindle,water; water droplets; water pistol; march; mouth,ゲン,へ.る; へ.らす,12,N2
蔑,392,revile,flowers; eye; cross-eyed; net; march,ベツ,ないがしろ; なみ.する; くらい; さげす.む,14
桟,393,scaffold,tree; wood; float; fiesta,サン; セン,かけはし,10,N1
銭,394,coin,metal; gold; float; fiesta,セン; ゼン,ぜに; すき,14,N1
浅,395,shallow,water; water droplets; water pistol; float; fiesta,セン,あさ.い,9,N2
止,396,stop,footprint,シ,と.まる; -ど.まり; と.める; -と.める; -ど.め; とど.める; とど.め; とど.まる; や.める; や.む; -や.む; よ.す; -さ.す; -さ.し,4,N4
歩,397,walk,stop; footprint; few,ホ; ブ; フ,ある.く; あゆ.む,8,N4
渉,398,ford,water; water droplets; water pistol; walk; stop; footprint; few,ショウ,わた.る,11,N1
頻,399,repeatedly,walk; stop; footprint; few; head; page; one; ceiling; drop; shellfish; clam; oyster; eye; animal legs; eight,ヒン,しき.りに,17,N1
肯,400,agreement,stop; footprint; moon; month; flesh; part of the body,コウ,がえんじ.る,8,N2
企,401,undertake,umbrella; stop; footprint,キ,くわだ.てる; たくら.む,6,N1
歴,402,curriculum,cliff; grove; tree; wood; stop; footprint,レキ; レッキ,,14,N2
武,403,warrior,one; arrow; stop; footprint,ブ; ム,たけ.し,8,N2
賦,404,levy,shellfish; clam; oyster; eye; animal legs; eight; warrior; one; stop; footprint; arrow,フ; ブ,,15,N1
正,405,correct,one; ceiling; stop; footprint,セイ; ショウ,ただ.しい; ただ.す; まさ; まさ.に,5,N4
証,406,evidence,say; words; keitai; mouth; correct; one; ceiling; stop; footprint,ショウ,あかし,12,N1
政,407,politics,correct; one; ceiling; stop; footprint; taskmaster,セイ; ショウ,まつりごと; まん,9,N3
定,408,determine,house; mend,テイ; ジョウ,さだ.める; さだ.まる; さだ.か,8,N3
錠,409,lock,metal; gold; determine; determined; house; mend,ジョウ,,16,N1
走,410,run,soil; dirt; ground; mend,ソウ,はし.る,7,N4
超,411,transcend,run; soil; dirt; ground; mend; summon; seduce; sword; dagger; mouth,チョウ,こ.える; こ.す,12,N2
赴,412,proceed,run; soil; dirt; ground; mend; magic wand; augury,フ,おもむ.く,9,N1
越,413,surpass,run; soil; dirt; ground; mend; parade,エツ; オツ,こ.す; -こ.す; -ご.し; こ.える; -ご.え,12,N3
是,414,just so,sun; day; mend,ゼ; シ,これ; この; ここ,9,N1
題,415,topic,just so; sun; day; mend; head; page; one; ceiling; drop; shellfish; clam; oyster; eye; animal legs; eight,ダイ,,18,N4
堤,416,dike,soil; dirt; ground; just so; sun; day; mend,テイ,つつみ,12,N1
建,417,build,brush; stretch,ケン; コン,た.てる; た.て; -だ.て; た.つ,9,N4
鍵,418,key,metal; gold; build; brush; stretch,ケン,かぎ,17
延,419,prolong,drop; stop; footprint; stretch,エン,の.びる; の.べる; の.べ; の.ばす,8,N2
誕,420,nativity,say; words; keitai; mouth; prolonged; drop; stop; footprint; stretch,タン,,15,N1
礎,421,cornerstone,stone; rock; grove; tree; wood; zoo; critters,ソ,いしずえ,18,N1
婿,422,bridegroom,woman; zoo; critters; moon; month; flesh; part of the body,セイ,むこ,12,N1
衣,423,garment,top hat; scarf; cloth; clothes; clothing,イ; エ,ころも; きぬ; -ぎ,6,N2
裁,424,tailor,Thanksgiving; harvest festival; ten; needle; fiesta; top hat; scarf; cloth; clothes; clothing; garment,サイ,た.つ; さば.く,12,N1
装,425,attire,turtle; samurai; top hat; scarf; cloth; clothes; clothing; garment,ソウ; ショウ,よそお.う; よそお.い,12,N2
裏,426,back,top hat; scarf; computer,リ,うら,13,N2
壊,427,demolition,soil; dirt; ground; poltergeist; BernaE; ten; needle; eye; cross-eyed; net; top hat; scarf; cloth; clothes; clothing; garment,カイ; エ,こわ.す; こわ.れる; やぶ.る,16,N1
哀,428,pathetic,top hat; scarf; mouth,アイ,あわ.れ; あわ.れむ; かな.しい,9,N1
遠,429,distant,earthenware jar; lidded crock; soil; dirt; ground; mouth; scarf; road,エン; オン,とお.い,13,N3
猿,430,monkey,pack of wild dogs; earthenware jar; lidded crock; soil; dirt; ground; mouth; scarf,エン,さる,13,N1
初,431,first time,cloak; sword; dagger,ショ,はじ.め; はじ.めて; はつ; はつ-; うい-; -そ.める; -ぞ.め,7,N3
巾,432,towel,,キン; フク,おお.い; ちきり; きれ; はば,3
布,433,linen,by one’s side; towel,フ,ぬの,5,N2
帆,434,sail,towel; mediocre; drop; wind,ハン,ほ,6,N1
幅,435,hanging scroll,towel; wealth; one; ceiling; mouth; rice field; brains,フク,はば,12,N2
帽,436,cap,towel; risk; sun; day; eye,ボウ; モウ,ずきん; おお.う,12,N2
幕,437,curtain,graveyard; flowers; sun; day; large; St. Bernard; towel,マク; バク,とばり,13,N1
幌,438,canopy,towel; limpid; sun; day; ray; small; little; human legs,コウ,ほろ; とばり,13
錦,439,brocade,metal; gold; napkin; white; dove; towel,キン,にしき,16,N1
市,440,market,top hat; towel,シ,いち,5,N3
柿,441,persimmon,tree; wood; market; top hat; towel,シ,かき; こけら,9
姉,442,elder sister,woman; market; top hat; towel,シ,あね; はは,8,N4
肺,443,lungs,moon; month; flesh; part of the body; market; top hat; towel,ハイ,,9,N1
帯,444,sash,buckle; apron; crown; towel,タイ,お.びる; おび,10,N2
滞,445,stagnate,water; water droplets; water pistol; sash; buckle; apron; crown; towel,タイ; テイ,とどこお.る,13,N1
刺,446,thorn,tree; wood; belt; sword; sabre; saber,シ,さ.す; さ.さる; さ.し; さし; とげ,8,N2
制,447,system,cow; belt; sword; sabre; saber,セイ,,8,N3
製,448,made in...,made in…; system; cow; belt; sword; sabre; saber; hat; scarf; cloth; clothes; clothing; garment,セイ,,14,N1
転,449,revolve,car; rising cloud; two; elbow; wall,テン,ころ.がる; ころ.げる; ころ.がす; ころ.ぶ; まろ.ぶ; うたた; うつ.る; くる.めく,11,N4
芸,450,technique,flowers; rising cloud; two; elbow; wall,ゲイ; ウン,う.える; のり; わざ,7,N2
雨,451,rain,weather,ウ,あめ; あま-; -さめ,8,N5
雲,452,cloud,rain; weather; rising cloud; two; elbow; wall,ウン,くも; -ぐも,12,N2
曇,453,cloudy weather,sun; day; cloud; rain; weather; rising cloud; two; elbow; wall,ドン,くも.る,16,N2
雷,454,thunder,rain; weather; rice field; brains,ライ,かみなり,13,N1
霜,455,frost,rain; weather; inter; Inter Milan; tree; wood; eye,ソウ,しも,17,N1
冬,456,winter,walking legs; ice,トウ,ふゆ,5,N4
天,457,heavens,one; ceiling; large,テン,あまつ; あめ; あま-,4,N5
妖,458,bewitched,woman; sapling,ヨウ,あや.しい; なま.めく; わざわ.い,7
沃,459,irrigate,water; water droplets; water pistol; sapling,ヨウ; ヨク; オク,そそ.ぐ,7
橋,460,bridge,tree; wood; angel; heavens; mouth; hood; mouth,キョウ,はし,16,N2
嬌,461,attractive,woman; angel; heavens; mouth; hood; mouth,キョウ,なまめか.しい,15
立,462,stand up,vase,リツ; リュウ; リットル,た.つ; -た.つ; た.ち-; た.てる; -た.てる; た.て-; たて-; -た.て; -だ.て; -だ.てる,5,N4
泣,463,cry,water; water droplets; water pistol; vase; stand up,キュウ,な.く,8,N1
章,464,badge,vase; stand up; sunflower; early; sun; day; ten; needle,ショウ,,11,N2
競,465,vie,vase; stand up; elder brother; teenager; mouth; human legs,キョウ; ケイ,きそ.う; せ.る,20,N2
帝,466,sovereign,vase; stand up; apron; crown; towel,テイ,みかど,9,N1
諦,467,renunciation,say; words; keitai; mouth; sovereign; vase; stand up; apron; crown; towel,テイ; タイ,あき.らめる; あきら.める; つまびらか; まこと,16
童,468,juvenile,vase; stand up; computer,ドウ,わらべ,12,N2
瞳,469,pupil,eye; juvenile; vase; stand up; computer,ドウ; トウ,ひとみ,17,N1
鐘,470,bell,metal; gold; juvenile; vase; stand up; computer,ショウ,かね,20,N1
商,471,make a deal,vase; stand up; alien; hood; human legs; mouth,ショウ,あきな.う,11,N3
嫡,472,legitimate wife,woman; antique; vase; stand up; hood; old; tombstone; gravestone; church; ten; needle; mouth,チャク; テキ,,14,N1
適,473,suitable,antique; vase; stand up; hood; old; tombstone; gravestone; church; ten; needle; mouth; road,テキ,かな.う,14,N3
滴,474,drip,water; water droplets; water pistol; antique; vase; stand up; hood; old; tombstone; gravestone; church; ten; needle; mouth,テキ,しずく; したた.る,14,N2
敵,475,enemy,antique; vase; stand up; hood; old; tombstone; gravestone; church; ten; needle; mouth; taskmaster,テキ,かたき; あだ; かな.う,15,N1
匕,476,spoon,sitting on the ground,ヒ,さじ; さじのひ,2
叱,477,scold,mouth; diced; seven; spoon; sitting on the ground,シツ; シチ,しか.る,5
匂,478,aroma,bound up; spoon; sitting on the ground,,にお.う; にお.い; にお.わせる,4
頃,479,about that time,spoon; sitting on the ground; head; page; one; ceiling; drop; shellfish; clam; oyster; eye; animal legs; eight,ケイ; キョウ,ころ; ごろ; しばら.く,11
北,480,north,spoon; sitting on the ground,ホク,きた,5,N5
背,481,stature,north; spoon; sitting on the ground; moon; month; flesh; part of the body,ハイ,せ; せい; そむ.く; そむ.ける,9,N3
比,482,compare,spoon; sitting on the ground,ヒ,くら.べる,4,N2
昆,483,descendants,sun; day; compare; spoon; sitting on the ground,コン,,8,N1
皆,484,all,compare; spoon; sitting on the ground; white; dove,カイ,みな; みんな,9,N3
楷,485,block letters,,カイ,,13
諧,486,orderliness,,カイ,かな.う; やわ.らぐ,16
混,487,mix,water; water droplets; water pistol; descendants; sun; day; compare; spoon; sitting on the ground,コン,ま.じる; -ま.じり; ま.ざる; ま.ぜる; こ.む,11,N2
渇,488,thirst,water; water droplets; water pistol; mexican bandit; muchacho; siesta; sun; day; aroma; bound up; spoon; sitting on the ground,カツ,かわ.く,11,N1
謁,489,audience,say; words; keitai; mouth; mexican bandit; muchacho; siesta; sun; day; aroma; bound up; spoon; sitting on the ground,エツ,,15,N1
褐,490,brown,cloak; mexican bandit; muchacho; siesta; sun; day; aroma; bound up; spoon; sitting on the ground,カツ,,13,N1
喝,491,hoarse,mouth; mexican bandit; muchacho; siesta; sun; day; aroma; bound up; spoon; sitting on the ground,カツ,,11,N1
葛,492,kudzu,flowers; mexican bandit; muchacho; siesta; sun; day; aroma; bound up; spoon; sitting on the ground,カツ; カチ,つづら; くず,11
旨,493,delicious,spoon; sitting on the ground; sun; day,シ,むね; うま.い,6,N1
脂,494,fat,moon; month; flesh; part of the body; delicious; spoon; sun; day,シ,あぶら,10,N2
詣,495,visit a shrine,say; words; keitai; mouth; delicious; spoon; sitting on the ground; sun; day,ケイ; ゲイ,けい.する; まい.る; いた.る; もう.でる,13
壱,496,I (one),1 (one); samurai; crown; spoon; sitting on the ground,イチ; イツ,ひとつ,7,N1
毎,497,every,reclining; lying down; mother,マイ,ごと; -ごと.に,6,N5
敏,498,cleverness,every; reclining; lying down; mother; breasts; taskmaster,ビン,さとい,10,N1
梅,499,plum,tree; wood; every; reclining; lying down; mother; breasts,バイ,うめ,10,N1
海,500,sea,water; water droplets; water pistol; every; reclining; lying down; mother; breasts,カイ,うみ,9,N4
乞,501,beg,reclining; lying down; fishhook,コツ; キツ; キ; キケ; コチ,こ.う,3
乾,502,drought,mist; ten; needle; early; sun; day; beg; reclining; lying down; fishhook,カン; ケン,かわ.く; かわ.かす; ほ.す; ひ.る; いぬい,11,N2
腹,503,abdomen,moon; month; flesh; part of the body; fold back; double back; reclining; lying down; sun; day; walking legs,フク,はら,13,N3
複,504,duplicate,cloak; fold back; double back; reclining; lying down; sun; day; walking legs,フク,,14,N2
欠,505,lack,yawn,ケツ; ケン,か.ける; か.く; あくび,4,N3
吹,506,blow,mouth; lack; yawn,スイ,ふ.く,7,N3
炊,507,cook,fire; lack; yawn,スイ,た.く; -だ.き,8,N1
歌,508,song,cancan; can; mouth; street; nail; spike; lack; yawn,カ,うた; うた.う,14,N4
軟,509,soft,car; lack; yawn,ナン,やわ.らか; やわ.らかい,11,N2
次,510,next,ice; lack; yawn,ジ; シ,つ.ぐ; つぎ,6,N3
茨,511,briar,flowers; next; ice; lack; yawn,シ; ジ,いばら; かや; くさぶき,9
資,512,assets,next; ice; lack; yawn; shellfish; clam; oyster; eye; animal legs; eight,シ,,13,N3
姿,513,figure,next; ice; lack; yawn; woman,シ,すがた,9,N1
諮,514,consult with,say; words; keitai; mouth; next; ice; lack; yawn; mouth,シ,はか.る,16,N1
賠,515,compensation,shellfish; clam; oyster; eye; animal legs; eight; muzzle; vase; stand up; mouth,バイ,,15,N1
培,516,cultivate,soil; dirt; ground; muzzle; vase; stand up; mouth,バイ,つちか.う,11,N1
剖,517,divide,muzzle; vase; stand up; mouth; sword; sabre; saber,ボウ,,10,N1
音,518,sound,vase; stand up; sun; day; tongue wagging,オン; イン; ノン,おと; ね,9,N4
暗,519,darkness,sun; day; sound; vase; stand up; sun; day,アン,くら.い; くら.む; くれ.る,13,N3
韻,520,rhyme,sound; vase; stand up; sun; day; employee; mouth; shellfish; clam; oyster; eye; animal legs; eight,イン,,19,N1
識,521,discriminating,say; words; keitai; mouth; kazoo; sound; vase; stand up; sun; day; fiesta,シキ,し.る; しる.す,19,N3
鏡,522,mirror,metal; gold; vase; stand up; sun; day; human legs,キョウ; ケイ,かがみ,19,N1
境,523,boundary,soil; dirt; ground; mirror; vase; stand up; sun; day; human legs,キョウ; ケイ,さかい,14,N2
亡,524,deceased,perish; top hat; fishhook,ボウ; モウ,な.い; な.き-; ほろ.びる; ほろ.ぶ; ほろ.ぼす,3,N3
盲,525,blind,deceased; perish; top hat; fishhook; eye,モウ,めくら,8,N1
妄,526,delusion,deceased; perish; top hat; fishhook; woman,モウ; ボウ,みだ.りに,6,N1
荒,527,laid waste,wreath; flowers; deceased; perish; top hat; fishhook; stream; flood,コウ,あら.い; あら-; あ.れる; あ.らす; -あ.らし; すさ.む,9,N2
望,528,ambition,deceased; perish; top hat; fishhook; moon; month; flesh; part of the body; king; jewel; ball,ボウ; モウ,のぞ.む; もち,11,N3
方,529,direction,compass,ホウ,かた; -かた; -がた,4,N4
妨,530,disturb,compass; direction; woman,ボウ,さまた.げる,7,N1
坊,531,boy,soil; dirt; ground; compass; direction,ボウ; ボッ,,7
芳,532,perfumed,perfume; flowers; compass; direction,ホウ,かんば.しい,7,N1
肪,533,obese,moon; month; flesh; part of the body; compass; direction,ボウ,,8,N1
訪,534,call on,say; words; keitai; mouth; compass; direction,ホウ,おとず.れる; たず.ねる; と.う,11,N3
放,535,set free,compass; direction; taskmaster,ホウ,はな.す; -っぱな.し; はな.つ; はな.れる; こ.く; ほう.る,8,N3
激,536,violent,water; water droplets; water pistol; white; dove; compass; direction; taskmaster,ゲキ,はげ.しい,16,N1
脱,537,undress,moon; month; flesh; part of the body; devil; horns; elder brother; teenager; mouth; human legs,ダツ,ぬ.ぐ; ぬ.げる,11,N1
説,538,explanation,rumor; say; words; keitai; mouth; devil; horns; elder brother; teenager; mouth; human legs,セツ; ゼイ,と.く,14,N3
鋭,539,pointed,metal; gold; devil; horns; elder brother; teenager; mouth; human legs,エイ,するど.い,15,N2
曽,540,formerly,increase; horns; rice field; brains; sun; day,ソウ; ソ; ゾウ,かつ; かつて; すなわち,11
増,541,increase,soil; dirt; ground; formerly; horns; rice field; brains; sun; day,ゾウ,ま.す; ま.し; ふ.える; ふ.やす,14,N3
贈,542,presents,shellfish; clam; oyster; eye; animal legs; eight; increase; formerly; horns; rice field; brains; sun; day,ゾウ; ソウ,おく.る,18,N2
東,543,east,sun; day; tree; wood,トウ,ひがし,8,N5
棟,544,ridgepole,tree; wood; east; tree; wood; sun; day,トウ,むね; むな-,12,N1
凍,545,frozen,ice; east; tree; wood; sun; day,トウ,こお.る; こご.える; こご.る; い.てる; し.みる,10,N2
妊,546,pregnancy,woman; porter; drop; samurai,ニン; ジン,はら.む; みごも.る,7,N1
廷,547,courts,porter; drop; samurai; stretch,テイ,,7,N1
染,548,dye,water; water droplets; water pistol; nine; baseball; tree; wood,セン,そ.める; -ぞ.め; -ぞめ; そ.まる; し.みる; -じ.みる; し.み; -し.める,9,N1
燃,549,burn,fire; sort of thing; moon; crescent moon; month; flesh; part of the body; chihuahua; dog; large; drop; oven-fire; barbecue,ネン,も.える; も.やす; も.す,16,N2
賓,550,V.I.P.,house; one; ceiling; few; shellfish; clam; oyster; eye; animal legs; eight,ヒン,,15,N1
歳,551,year-end,year end; stop; footprint; one; little; small; march,サイ; セイ,とし; とせ; よわい,13,N3
県,552,prefecture,eye; fishhook; small; little,ケン,か.ける,9,N2
栃,553,horse chestnut,tree; wood; Wimbledon; cliff; ten thousand; one; bound up,,とち,9
地,554,ground,soil; dirt; scorpion,チ; ジ,,6,N4
池,555,pond,water; water droplets; water pistol; scorpion,チ,いけ,6,N2
虫,556,insect,in; stick; mouth,チュウ; キ,むし,6,N2
蛍,557,lightning bug,lightning-bug; schoolhouse; owl; crown; insect,ケイ,ほたる,11,N1
蛇,558,snake,insect; wind chimes; house; spoon; sitting on the ground,ジャ; ダ; イ; ヤ,へび,11,N1
虹,559,rainbow,insect; craft,コウ,にじ,9,N1
蝶,560,butterfly,insect; Tarzan; generation; tree; wood,チョウ,,15,N1
独,561,single,pack of wild dogs; insect,ドク; トク,ひと.り,9,N1
蚕,562,silkworm,heavens; insect,サン; テン,かいこ; こ,10,N1
風,563,wind,gnats; drop; insect,フウ; フ,かぜ; かざ-; -かぜ,9,N4
己,564,self,snake,コ; キ,おのれ; つちのと; な,3,N1
起,565,rouse,run; soil; dirt; ground; mend; snake; self,キ,お.きる; お.こる; お.こす; おこ.す; た.つ,10,N4
妃,566,queen,woman; snake; self,ヒ,きさき,6,N1
改,567,reformation,snake; self; taskmaster,カイ,あらた.める; あらた.まる,7,N2
記,568,scribe,say; words; keitai; mouth; snake; self,キ,しる.す,10,N3
包,569,wrap,bound up; snake; self,ホウ,つつ.む; くる.む,5,N2
胞,570,placenta,moon; month; flesh; part of the body; wrap; bound up; snake; self,ホウ,,9,N1
砲,571,cannon,stone; rock; wrap; bound up; snake; self,ホウ,,10,N1
泡,572,bubble,water; water droplets; water pistol; wrap; bound up; snake; self,ホウ,あわ,8,N1
亀,573,tortoise,bound up; eels; sun; day,キ; キュウ; キン,かめ,11,N1
電,574,electricity,rain; weather; eel; sun; day,デン,,13,N5
竜,575,dragon,vase; stand up; eel; sun; day,リュウ; リョウ; ロウ,たつ; いせ,10,N1
滝,576,waterfall,water; water droplets; water pistol; dragon; vase; stand up; eel; sun; day,ロウ; ソウ,たき,13,N1
豚,577,pork,moon; month; flesh; part of the body; sow; pig,トン,ぶた,11,N1
逐,578,pursue,sow; pig; road,チク,,10,N1
遂,579,consummate,horns; sow; pig; road,スイ,と.げる; つい.に,12,N1
家,580,house,sow; pig,カ; ケ,いえ; や; うち,10,N4
嫁,581,marry into,woman; house; sow; pig,カ,よめ; とつ.ぐ; い.く; ゆ.く,13,N1
豪,582,overpowering,tall; top hat; mouth; crown; sow; pig,ゴウ,えら.い,14,N1
腸,583,intestines,moon; month; flesh; part of the body; piggy bank; sun; day; piglets,チョウ,はらわた,13,N1
場,584,location,soil; dirt; ground; piggy bank; sun; day; piglets,ジョウ; チョウ,ば,12,N4
湯,585,hot water,water; water droplets; water pistol; piggy bank; sun; day; piglets,トウ,ゆ,12,N2
羊,586,sheep,horns,ヨウ,ひつじ,6,N1
美,587,beauty,sheep; large; St. Bernard,ビ; ミ,うつく.しい,9,N3
洋,588,ocean,water; water droplets; water pistol; sheep,ヨウ,,9,N4
詳,589,detailed,say; words; keitai; mouth; sheep,ショウ,くわ.しい; つまび.らか,13,N1
鮮,590,fresh,fish; bound up; rice field; brains; oven-fire; barbecue; sheep,セン,あざ.やか,17,N1
達,591,accomplished,soil; dirt; ground; sheep; road,タツ; ダ,-たち,12,N3
羨,592,envious,sheep; water; water droplets; water pistol; lack; yawn,セン; エン,うらや.む; あまり,13
差,593,distinction,wool; sheep; craft,サ,さ.す; さ.し,10,N3
着,594,don,wool; sheep; eye,チャク; ジャク,き.る; -ぎ; き.せる; -き.せ; つ.く; つ.ける,12,N4
唯,595,solely,mouth; turkey,ユイ; イ,ただ,11,N1
堆,596,piled high,soil; dirt; ground; turkey,タイ; ツイ,うずたか.い,11
椎,597,sweet oak,tree; wood; turkey,ツイ; スイ,つち; う.つ,12,N1
誰,598,who?,who; say; words; keitai; mouth; turkey,スイ,だれ; たれ; た,15
焦,599,char,turkey; oven-fire; barbecue,ショウ,こ.げる; こ.がす; こ.がれる; あせ.る,12,N1
礁,600,reef,stone; rock; char; turkey; oven-fire; barbecue,ショウ,,17,N1
集,601,gather,turkey; tree; wood,シュウ,あつ.まる; あつ.める; つど.う,12,N4
准,602,quasi-,ice; turkey,ジュン,,10,N1
進,603,advance,turkey; road,シン,すす.む; すす.める,11,N3
雑,604,miscellaneous,nine; baseball; tree; wood; turkey,ザツ; ゾウ,まじ.える; まじ.る,14,N3
雌,605,female,Prince; this here; stop; footprint; spoon; sitting on the ground; turkey,シ,め-; めす; めん,14,N1
準,606,semi-,water; water droplets; water pistol; turkey; ten; needle,ジュン,じゅん.じる; じゅん.ずる; なぞら.える; のり; ひと.しい; みずもり,13,N2
奮,607,stirred up,large; St. Bernard; turkey; rice field; brains,フン,ふる.う,16,N1
奪,608,rob,large; St. Bernard; turkey; glue,ダツ,うば.う,14,N1
確,609,assurance,stone; rock; turkeyhouse; house; turkey,カク; コウ,たし.か; たし.かめる,15,N3
午,610,noon,horse; pantomime horse; sign of the horse,ゴ,うま,4,N5
許,611,permit,say; words; keitai; mouth; horse; pantomime horse; noon; sign of the horse,キョ,ゆる.す; もと,11,N3
歓,612,delight,pegasus; horse; pantomime horse; noon; sign of the horse; turkey; lack; yawn,カン,よろこ.ぶ,15,N1
権,613,authority,tree; wood; pegasus; horse; pantomime horse; noon; sign of the horse; turkey,ケン; ゴン,おもり; かり; はか.る,15,N3
観,614,outlook,pegasus; horse; pantomime horse; noon; sign of the horse; turkey; see; telescope; eye; human legs,カン,み.る; しめ.す,18,N3
羽,615,feathers,wings,ウ,は; わ; はね,6,N2
習,616,learn,feathers; wings; white; dove,シュウ; ジュ,なら.う; なら.い,11,N4
翌,617,the following,feathers; wings; vase; stand up,ヨク,,11,N2
曜,618,weekday,sun; day; futon; feathers; wings; turkey,ヨウ,,18,N4
濯,619,laundry,water; water droplets; water pistol; futon; feathers; wings; turkey,タク,すす.ぐ; ゆす.ぐ,17,N2
曰,620,sayeth,pent in; one,エツ,いわ.く; のたま.う; のたま.わく; ここに; ひらび,4
困,621,quandary,pent in; tree; wood,コン,こま.る,7,N3
固,622,harden,pent in; old; tombstone; gravestone; church; ten; needle; mouth,コ,かた.める; かた.まる; かた.まり; かた.い,8,N2
錮,623,weld,,コ,ふさ.ぐ,16
国,624,country,pent in; king; jewel; ball; earring; drop,コク,くに,8,N5
団,625,group,pent in; glue,ダン; トン,かたまり; まる.い,6,N2
因,626,cause,pent in; large; St. Bernard,イン,よ.る; ちな.む,6,N3
姻,627,matrimony,woman; cause; pent in; large; St. Bernard,イン,,9,N1
咽,628,windpipe,mouth; cause; pent in; large; St. Bernard,イン; エン; エツ,むせ.ぶ; むせ.る; のど; の.む,9
園,629,park,pent in; earthenware jar; lidded crock; soil; dirt; ground; mouth; scarf,エン,その,13,N3
回,630,-times,times; pent in; mouth,カイ; エ,まわ.る; -まわ.る; -まわ.り; まわ.す; -まわ.す; まわ.し-; -まわ.し; もとお.る; か.える,6,N3
壇,631,podium,soil; dirt; ground; Churchill; top hat; -times; pent in; mouth; nightbreak; sun; day; one; floor,ダン; タン,,16,N1
店,632,store,cave; fortune-telling; magic wand; augury; mouth,テン,みせ; たな,8,N4
庫,633,warehouse,cave; car,コ; ク,くら,10,N2
庭,634,courtyard,cave; courts; porter; drop; samurai; stretch,テイ,にわ,10,N3
庁,635,government office,cave; street; nail; spike,チョウ; テイ,やくしょ,5,N2
床,636,bed,cave; tree; wood,ショウ,とこ; ゆか,7,N2
麻,637,hemp,cave; grove; tree; wood,マ; マア,あさ,11,N1
磨,638,grind,hemp; cave; grove; tree; wood; stone; rock,マ,みが.く; す.る,16,N2
心,639,heart,drops; fishhook,シン,こころ; -ごころ; りっしんべん,4,N4
忘,640,forget,perish; deceased; top hat; fishhook; heart,ボウ,わす.れる,7,N3
恣,641,selfish,,シ,ほしいまま,10
忍,642,endure,blade; sword; dagger; drop; heart,ニン,しの.ぶ; しの.ばせる,7,N1
認,643,acknowledge,say; words; keitai; mouth; endure; blade; sword; dagger; drop; heart,ニン,みと.める; したた.める,14,N3
忌,644,mourning,snake; self; heart,キ,い.む; い.み; い.まわしい,7,N1
志,645,intention,samurai; heart,シ; シリング,こころざ.す; こころざし,7,N1
誌,646,document,say; words; keitai; mouth; intention; samurai; heart,シ,,14,N2
芯,647,wick,flowers; heart,シン,,7
忠,648,loyalty,in; stick; mouth; heart,チュウ,,8,N1
串,649,shish kebab,kebab; in; stick; mouth,カン; ケン; セン,くし; つらぬ.く,7
患,650,afflicted,kebab; in; stick; mouth; heart,カン,わずら.う,11,N2
思,651,think,rice field; brains; heart,シ,おも.う; おもえら.く; おぼ.す,9,N4
恩,652,grace,cause; pent in; large; St. Bernard; heart,オン,,10,N1
応,653,apply,cave; heart,オウ; ヨウ; ノウ,あた.る; まさに; こた.える,7,N1
意,654,idea,sound; vase; stand up; sun; day; heart,イ,,13,N4
臆,655,cowardice,moon; month; flesh; part of the body; idea; sound; vase; stand up; sun; day; heart,オク; ヨク,むね; おくする,17
想,656,concept,inter milan; inter; tree; wood; eye; heart,ソウ; ソ,おも.う,13,N3
息,657,breath,nose; drop; eye; heart,ソク,いき,10,N3
憩,658,recess,tongue; thousand; mouth; nose; drop; eye; heart,ケイ,いこ.い; いこ.う,16,N1
恵,659,favor,ten; needle; rice field; brains; heart,ケイ; エ,めぐ.む; めぐ.み,10,N1
恐,660,fear,barge; craft; mediocre; drop; wind; heart,キョウ,おそ.れる; おそ.る; おそ.ろしい; こわ.い; こわ.がる,10,N3
惑,661,beguile,a; pope; fiesta; mouth; one; floor; heart,ワク,まど.う,12,N1
感,662,emotion,march; mouth; heart,カン,,13,N3
憂,663,melancholy,summer; head; page; crown; heart; walking legs,ユウ,うれ.える; うれ.い; う.い; う.き,15,N1
寡,664,widow,house; head; page; animal legs; eight; sword; dagger,カ,,14,N1
忙,665,busy,Freud; state of mind; deceased; perish; top hat; fishhook,ボウ; モウ,いそが.しい; せわ.しい; おそ.れる; うれえるさま,6,N3
悦,666,ecstasy,Freud; state of mind; devil; horns; elder brother; teenager; mouth; human legs,エツ,よろこ.ぶ; よろこ.ばす,10,N1
恒,667,constancy,Freud; state of mind; span; one; ceiling; sun; day; one; floor; one,コウ,つね; つねに,9,N1
悼,668,lament,Freud; state of mind; eminent; magic wand; augury; sun; day; ten; needle,トウ,いた.む,11,N1
悟,669,enlightenment,Freud; state of mind; I; five; mouth,ゴ,さと.る,10,N1
怖,670,dreadful,Freud; state of mind; linen; by one’s side; towel,フ; ホ,こわ.い; こわ.がる; お.じる; おそ.れる,8,N3
慌,671,disconcerted,Freud; state of mind; laid waste; wreath; flowers; deceased; perish; top hat; fishhook; stream; flood,コウ,あわ.てる; あわ.ただしい,12
悔,672,repent,Freud; state of mind; every; reclining; lying down; mother; breasts,カイ,く.いる; く.やむ; くや.しい,9,N1
憎,673,hate,Freud; state of mind; increase; formerly; horns; rice field; brains; sun; day,ゾウ,にく.む; にく.い; にく.らしい; にく.しみ,14,N2
慣,674,accustomed,Freud; state of mind; pierce; mother; breasts; shellfish; clam; oyster; eye; animal legs; eight,カン,な.れる; な.らす,14,N3
愉,675,pleasure,Freud; state of mind; meeting; umbrella; butchers; moon; month; flesh; part of the body; sword; sabre; saber,ユ,たの.しい; たの.しむ,12,N1
惰,676,lazy,Freud; state of mind; left-handed; left; by one’s side; craft; moon; month; flesh; part of the body,ダ,,12,N1
慎,677,humility,Freud; state of mind; true; truth; ten; needle; eye; tool; animal legs; eight,シン,つつし.む; つつし; つつし.み,13,N1
憾,678,remorse,Freud; state of mind; emotion; march; mouth; heart,カン,うら.む,16,N1
憶,679,recollection,Freud; state of mind; idea; sound; vase; stand up; sun; day; heart,オク,,16,N1
惧,680,disquieting,,ク,おそ.れる,11
憧,681,yearn,Freud; state of mind; juvenile; vase; stand up; computer,ショウ; トウ; ドウ,あこが.れる,15,N1
憬,682,hanker,,ケイ,あこが.れる,15
慕,683,pining,graveyard; flowers; sun; day; large; St. Bernard; valentine,ボ,した.う,14,N1
添,684,annexed,water; water droplets; water pistol; heavens; valentine,テン,そ.える; そ.う; も.える; も.う,11,N1
必,685,invariably,heart; stick; drop; fishhook,ヒツ,かなら.ず,5,N3
泌,686,ooze,water; water droplets; water pistol; invariably; heart; stick; drop; fishhook,ヒツ; ヒ,,8,N1
手,687,hand,,シュ; ズ,て; て-; -て; た-,4,N4
看,688,watch over,hand; eye,カン,み.る,9,N1
摩,689,chafe,hemp; cave; grove; tree; wood; hand,マ,ま.する; さ.する; す.る,15,N1
我,690,ego,hand; fiesta,ガ,われ; わ; わ.が-; わが-,7,N1
義,691,righteousness,sheep; ego; hand; fiesta,ギ,,13,N1
議,692,deliberation,say; words; keitai; mouth; righteousness; sheep; ego; hand; fiesta,ギ,,20,N3
犠,693,sacrifice,cow; righteousness; sheep; ego; hand; fiesta,ギ; キ,いけにえ,17,N1
抹,694,rub,finger; fingers; extremity; one; tree; wood,マツ,,8,N1
拭,695,wipe,finger; fingers; style; arrow; craft,ショク; シキ,ぬぐ.う; ふ.く,9
拉,696,yank,,ラ; ラツ; ロウ,くだ.く; ひし.ぐ; らっ.する,8
抱,697,embrace,finger; fingers; wrap; bound up; snake; self,ホウ,だ.く; いだ.く; かか.える,8,N3
搭,698,board,finger; fingers; flowers; fit; meeting; umbrella; one; mouth,トウ,,12,N1
抄,699,extract,finger; fingers; few,ショウ,,7,N1
抗,700,confront,finger; fingers; whirlwind; top hat; wind,コウ,,7,N1
批,701,criticism,finger; fingers; compare; spoon; sitting on the ground,ヒ,,7,N1
招,702,beckon,finger; fingers; summon; seduce; sword; dagger; mouth,ショウ,まね.く,8,N3
拓,703,clear the land,finger; fingers; stone; rock,タク,ひら.く,8,N1
拍,704,clap,finger; fingers; white; dove,ハク; ヒョウ,,8,N1
打,705,strike,finger; fingers; street; nail; spike,ダ; ダアス,う.つ; う.ち-; ぶ.つ,5,N3
拘,706,arrest,finger; fingers; phrase; bound up; mouth,コウ,かか.わる,8,N1
捨,707,discard,finger; fingers; cottage; little-thatch; umbrella; lidded crock; earthenware jar; soil; dirt; ground; mouth,シャ,す.てる,11,N2
拐,708,kidnap,finger; fingers; mouth; sword; dagger,カイ,,8,N1
摘,709,pinch,finger; fingers; antique; vase; stand up; hood; old; tombstone; gravestone; church; ten; needle; mouth,テキ,つ.む,14,N1
挑,710,challenge,finger; fingers; turtle; portent,チョウ,いど.む,9,N1
指,711,finger,fingers; delicious; spoon; sitting on the ground; sun; day,シ,ゆび; さ.す; -さ.し,9,N3
持,712,hold,finger; fingers; Buddhist temple; soil; dirt; ground; glue,ジ,も.つ; -も.ち; も.てる,9,N4
拶,713,imminent,finger; fingers; stream; flood; evening,サツ,せま.る,9
括,714,fasten,finger; fingers; tongue; thousand; mouth,カツ,くく.る,9,N1
揮,715,brandish,finger; fingers; army; chariot; crown; car; vehicle,キ,ふる.う,12,N1
推,716,conjecture,finger; fingers; turkey,スイ,お.す,11,N1
揚,717,hoist,finger; fingers; piggy bank; sun; day; piglets,ヨウ,あ.げる; -あ.げ; あ.がる,12,N1
提,718,propose,finger; fingers; just so; sun; day; mend,テイ; チョウ; ダイ,さ.げる,12,N1
損,719,damage,finger; fingers; employee; mouth; shellfish; clam; oyster; eye; animal legs; eight,ソン,そこ.なう; そこな.う; -そこ.なう; そこ.ねる; -そこ.ねる,13,N2
拾,720,pick up,finger; fingers; fit; meeting; umbrella; one; mouth,シュウ; ジュウ,ひろ.う,9,N2
担,721,shouldering,finger; fingers; nightbreak; sun; day; one; floor,タン,かつ.ぐ; にな.う,8,N2
拠,722,foothold,finger; fingers; dispose; walking legs; wind,キョ; コ,よ.る,8,N1
描,723,sketch,finger; fingers; seedlings; flowers; rice field; brains,ビョウ,えが.く; か.く,11,N1
操,724,maneuver,finger; fingers; wooden goods; furniture; goods; mouth; tree; wood,ソウ; サン,みさお; あやつ.る,16,N1
接,725,touch,finger; fingers; concubine; vase; stand up; woman,セツ; ショウ,つ.ぐ,11,N2
掲,726,put up a notice,put up (a notice); finger; fingers; mexican bandit; muchacho; siesta; sun; day; aroma; bound up; spoon; sitting on the ground,ケイ,かか.げる,11,N1
掛,727,hang,finger; fingers; ivy; square jewel; soil; dirt; ground; magic wand; augury,カイ; ケイ,か.ける; -か.ける; か.け; -か.け; -が.け; か.かる; -か.かる; -が.かる; か.かり; -が.かり; かかり; -がかり,11,N3
捗,728,make headway,finger; fingers; walk; stop; footprint; few,チョク; ホ,はかど.る,10
研,729,polish,stone; rock; two hands,ケン,と.ぐ,9,N4
戒,730,commandment,two hands; fiesta,カイ,いまし.める,7,N1
弄,731,tinker with,king; jewel; ball; two hands,ロウ; ル,いじく.る; ろう.する; いじ.る; ひねく.る; たわむ.れる; もてあそ.ぶ,7
械,732,contraption,tree; wood; commandments; two hands; fiesta,カイ,かせ,11,N2
鼻,733,nose,drop; eye; rice field; brains; two hands,ビ,はな,14,N2
刑,734,punish,two hands; sword; sabre; saber,ケイ,,6,N1
型,735,mould,punish; two hands; sword; sabre; saber; soil; dirt; ground,ケイ,かた; -がた,9,N2
才,736,genius,genie,サイ,,3,N3
財,737,property,shellfish; clam; oyster; eye; animal legs; eight; genie,ザイ; サイ; ゾク,たから,10,N3
材,738,lumber,tree; wood; genie,ザイ,,7,N2
存,739,suppose,genie; child,ソン; ゾン,,6,N3
在,740,exist,genie; soil; dirt; ground,ザイ,あ.る,6,N3
乃,741,from,fist,ナイ; ダイ; ノ; アイ,の; すなわ.ち; なんじ,2,N1
携,742,portable,finger; fingers; turkey; fist; from,ケイ,たずさ.える; たずさ.わる,13,N1
及,743,reach out,fist; from; drop,キュウ,およ.ぶ; およ.び; および; およ.ぼす,3,N1
吸,744,suck,mouth; reach out,キュウ,す.う,6,N3
扱,745,handle,finger; fingers; reach out,ソウ; キュウ,あつか.い; あつか.う; あつか.る; こ.く,6,N1
丈,746,length,stick; tucked under the arm,ジョウ,たけ; だけ,3
史,747,history,mouth; tucked under the arm,シ,,5,N2
吏,748,officer,history; length; stick; one; mouth; tucked under the arm,リ,,6,N1
更,749,grow late,Ameratasu; one; ceiling; sun; tucked under the arm,コウ,さら; さら.に; ふ.ける; ふ.かす,7,N3
硬,750,stiff,stone; rock; grow late; Ameratasu; one; ceiling; sun; tucked under the arm,コウ,かた.い,12,N2
梗,751,spiny,tree; wood; grow late; Ameratasu; one; ceiling; sun; tucked under the arm,コウ; キョウ,ふさぐ; やまにれ; おおむね,11
又,752,or again,crotch,ユウ,また; また-; また.の-,2,N1
双,753,pair,crotch,ソウ,ふた; たぐい; ならぶ; ふたつ,4,N2
桑,754,mulberry,crotch; tree; wood,ソウ,くわ,10,N1
隻,755,vessels,turkey; crotch,セキ,,10,N2
護,756,safeguard,say; words; keitai; mouth; radio caroline; flowers; vessels; turkey; crotch,ゴ,まも.る,20,N1
獲,757,seize,pack of wild dogs; radio caroline; flowers; vessels; turkey; crotch,カク,え.る,16,N1
奴,758,guy,woman; crotch,ド,やつ; やっこ,5,N1
怒,759,angry,guy; woman; crotch; heart,ド; ヌ,いか.る; おこ.る,9,N3
友,760,friend,by one’s side; crotch,ユウ,とも,4,N5
抜,761,slip out,finger; fingers; friend; woman; crotch,バツ; ハツ; ハイ,ぬ.く; -ぬ.く; ぬ.き; ぬ.ける; ぬ.かす; ぬ.かる,7,N3
投,762,throw,finger; fingers; cruise missile; missile; wind; crotch,トウ,な.げる; -な.げ,7,N3
没,763,drown,water; water droplets; water pistol; cruise missile; missile; wind; crotch,ボツ; モツ,おぼ.れる; しず.む; ない,7,N1
股,764,thigh,moon; month; flesh; part of the body; cruise missile; missile; wind; crotch,コ,また; もも,8
設,765,establishment,say; words; keitai; mouth; cruise missile; missile; wind; crotch,セツ,もう.ける,11,N2
撃,766,beat,tank; car; cruise missile; missile; wind; crotch; hand,ゲキ,う.つ,15,N1
殻,767,husk,samurai; superfluous; crown; wind; cruise missile; missile; wind; crotch,カク; コク; バイ,から; がら,11,N1
支,768,branch,ten; needle; crotch,シ,ささ.える; つか.える; か.う; しんよう; じゅうまた,4,N3
技,769,skill,finger; fingers; branch; ten; needle; crotch,ギ,わざ,7,N2
枝,770,bough,tree; wood; branch; ten; needle; crotch,シ,えだ,8,N2
肢,771,limb,moon; month; flesh; part of the body; branch; ten; needle; crotch,シ,,8,N1
茎,772,stalk,flowers; spool; clod; toilet paper; crotch; soil; dirt; ground,ケイ; キョウ,くき,8,N1
怪,773,suspicious,Freud; state of mind; spool; clod; toilet paper; crotch; soil; dirt; ground,カイ; ケ,あや.しい; あや.しむ,8,N1
軽,774,lightly,car; spool; clod; toilet paper; crotch; soil; dirt; ground,ケイ,かる.い; かろ.やか; かろ.んじる,12,N2
叔,775,uncle,above; small; little; crotch,シュク,,8,N1
督,776,coach,uncle; above; small; little; crotch; eye,トク,,13,N1
寂,777,loneliness,house; uncle; above; small; little; crotch,ジャク; セキ,さび; さび.しい; さび.れる; さみ.しい,11,N1
淑,778,graceful,water; water droplets; water pistol; uncle; above; small; little; crotch,シュク,しと.やか,11,N1
反,779,anti-,demonstation; cliff; crotch,ハン; ホン; タン; ホ,そ.る; そ.らす; かえ.す; かえ.る; -かえ.る,4,N3
坂,780,slope,soil; dirt; ground; anti-; demonstration; cliff; crotch,ハン,さか,7,N2
板,781,plank,tree; wood; anti-; demonstration; cliff; crotch,ハン; バン,いた,8,N2
返,782,return,anti-; demonstration; cliff; crotch; road,ヘン,かえ.す; -かえ.す; かえ.る; -かえ.る,7,N3
販,783,marketing,shellfish; clam; oyster; eye; animal legs; eight; anti-; demonstration; cliff; crotch,ハン,,11,N2
爪,784,claw,vulture,ソウ,つめ; つま-,4
妥,785,gentle,claw; vulture; woman,ダ,,7,N1
乳,786,milk,fledgling; claw; vulture; child; fishhook,ニュウ,ちち; ち,8,N2
浮,787,floating,water; water droplets; water pistol; fledgling; claw; vulture; child,フ,う.く; う.かれる; う.かぶ; む; う.かべる,10,N3
淫,788,lewd,water; water droplets; water pistol; claw; vulture; porter; drop; samurai,イン,ひた.す; ほしいまま; みだ.ら; みだ.れる; みだり,11
将,789,leader,turtle; claw; vulture; glue,ショウ; ソウ,まさ.に; はた; まさ; ひきい.る; もって,10,N2
奨,790,exhort,leader; turtle; claw; vulture; glue; large; St. Bernard,ショウ; ソウ,すす.める,13,N1
采,791,grab,claw; vulture; tree; wood,サイ,と.る; いろどり,8,N1
採,792,pick,finger; fingers; grab; claw; vulture; tree; wood,サイ,と.る,11,N2
菜,793,vegetable,flowers; grab; claw; vulture; tree; wood,サイ,な,11,N2
受,794,accept,birdhouse; birdcage; claw; vulture; crown; crotch,ジュ,う.ける; -う.け; う.かる,8,N3
授,795,impart,finger; fingers; accept; birdhouse; birdcage; claw; vulture; crown; crotch,ジュ,さず.ける; さず.かる,11,N1
愛,796,love,birdhouse; birdcage; claw; vulture; crown; love birds; heart; walking legs,アイ,いと.しい,13,N3
曖,797,unclear,sun; love; birdhouse; birdcage; claw; vulture; crown; love birds; heart; walking legs,アイ,くら.い,17
払,798,pay,finger; fingers; elbow,フツ; ヒツ; ホツ,はら.う; -はら.い; -ばら.い,5,N3
広,799,wide,cave; elbow,コウ,ひろ.い; ひろ.まる; ひろ.める; ひろ.がる; ひろ.げる,5,N4
勾,800,hooked,bound up; elbow,コウ; ク,かぎ; ま.がる,4
拡,801,broaden,finger; fingers; wide; cave; elbow,カク; コウ,ひろ.がる; ひろ.げる; ひろ.める,8,N1
鉱,802,mineral,metal; gold; wide; cave; elbow,コウ,あらがね,13,N2
弁,803,valve,elbow; two hands,ベン; ヘン,わきま.える; わ.ける; はなびら; あらそ.う,5,N1
雄,804,male,Yamanote; by one’s side; elbow; turkey,ユウ,お-; おす; おん,12,N1
台,805,pedestal,elbow; mouth,ダイ; タイ,うてな; われ; つかさ,5,N4
怠,806,neglect,pedestal; elbow; mouth; heart,タイ,おこた.る; なま.ける,9,N1
治,807,reign,water; water droplets; water pistol; pedestal; elbow; mouth,ジ; チ,おさ.める; おさ.まる; なお.る; なお.す,8,N3
冶,808,metallurgy,ice; pedestal; elbow; mouth,ヤ,い.る,7,N1
始,809,commence,woman; pedestal; elbow; mouth,シ,はじ.める; -はじ.める; はじ.まる,8,N4
胎,810,womb,moon; month; flesh; part of the body; pedestal; elbow; mouth,タイ,,9,N1
窓,811,window,hole; house; human legs; elbow; heart,ソウ; ス,まど; てんまど; けむだし,11,N3
去,812,gone,soil; dirt; ground; elbow,キョ; コ,さ.る; -さ.る,5,N4
法,813,method,water; water droplets; water pistol; gone; soil; dirt; ground; elbow,ホウ; ハッ; ホッ; フラン,のり,8,N3
会,814,meeting,one; wall; umbrella; rising cloud; two; elbow; wall,カイ; エ,あ.う; あ.わせる; あつ.まる,6,N4
至,815,climax,wall; one; ceiling; elbow; soil; dirt; ground,シ,いた.る,6,N1
室,816,room,house; climax; wall; one; ceiling; elbow; soil; dirt; ground,シツ,むろ,9,N4
到,817,arrival,climax; wall; one; ceiling; elbow; soil; dirt; ground; sword; sabre; saber,トウ,いた.る,8,N3
致,818,doth,climax; wall; one; ceiling; elbow; soil; dirt; ground; taskmaster,チ,いた.す,10,N1
互,819,mutually,one; ceiling; one; floor,ゴ,たが.い; かたみ.に,4,N3
棄,820,abandon,infant; toddler; top hat; elbow; buckle; tree; wood,キ,す.てる,13,N1
育,821,bring up,infant; toddler; top hat; elbow; moon; month; flesh; part of the body,イク,そだ.つ; そだ.ち; そだ.てる; はぐく.む,8,N3
撤,822,remove,finger; fingers; borstal; bring up; infant; toddler; top hat; elbow; moon; month; flesh; part of the body; taskmaster,テツ,,15,N1
充,823,allot,infant; toddler; top hat; elbow; human legs,ジュウ,あ.てる; み.たす,6,N1
銃,824,gun,metal; gold; allot; infant; toddler; top hat; elbow; human legs,ジュウ,つつ,14,N1
硫,825,sulfur,sulphur; stone; rock; lifebelt; infant; toddler; top hat; elbow; stream; flood,リュウ,,12,N1
流,826,current,water; water droplets; water pistol; lifebelt; infant; toddler; top hat; elbow; stream; flood,リュウ; ル,なが.れる; なが.れ; なが.す; -なが.す,10,N3
允,827,license,elbow; human legs,イン,じょう; まこと.に; ゆるす,4,N1
唆,828,tempt,mouth; streetwalker; Ministry of silly walks; John Cleese; license; elbow; human legs; walking legs,サ,そそのか.す,10,N1
出,829,exit,,シュツ; スイ,で.る; -で; だ.す; -だ.す; い.でる; い.だす,5,N5
山,830,mountain,,サン; セン,やま,3,N5
拙,831,bungling,finger; fingers; exit,セツ,つたな.い,8,N1
岩,832,boulder,mountain; stone; rock,ガン,いわ,8,N2
炭,833,charcoal,mountain; ashes; cliff; fire,タン,すみ,9,N2
岐,834,branch off,mountain; branch; ten; needle; crotch,キ; ギ,,7,N1
峠,835,mountain pass,mountain; above; below,,とうげ,9,N1
崩,836,crumble,mountain; companion; moon; month; flesh; part of the body,ホウ,くず.れる; -くず.れ; くず.す,11,N1
密,837,secrecy,house; invariably; heart; mountain,ミツ,ひそ.か,11,N1
蜜,838,honey,house; invariably; heart; insect,ミツ; ビツ,,14
嵐,839,storm,mountain; wind; gnats; drop; insect,ラン,あらし,12,N1
崎,840,promontory,mountain; strange; large; St. Bernard; can; street; nail; spike; mouth,キ,さき; さい; みさき,11,N1
崖,841,bluffs,mountain; cliff; ivy; square jewel; soil; dirt; ground,ガイ; ゲ; ギ,がけ; きし; はて,11
入,842,enter,,ニュウ; ジュ,い.る; -い.る; -い.り; い.れる; -い.れ; はい.る,2,N5
込,843,crowded,enter; road,,こ.み; -こ.み; -こ.む; こ.む; こ.める,5,N3
分,844,part,eight; sword; dagger,ブン; フン; ブ,わ.ける; わ.け; わ.かれる; わ.かる; わ.かつ,4
貧,845,poverty,part; eight; sword; dagger; shellfish; clam; oyster; eye; animal legs; eight,ヒン; ビン,まず.しい,11,N3
頒,846,partition,part; eight; sword; dagger; head; page; one; ceiling; drop; shellfish; clam; oyster; eye; animal legs; eight,ハン,わか.つ,13,N1
公,847,public,eight; elbow,コウ; ク,おおやけ,4,N4
松,848,pine tree,tree; wood; public; eight; elbows,ショウ,まつ,8,N1
翁,849,venerable old man,public; eight; elbows; feathers; wings,オウ,おきな,10,N1
訟,850,sue,say; words; keitai; mouth; public; eight; elbows,ショウ,,11,N1
谷,851,valley,eight; umbrella; mouth,コク,たに; きわ.まる,7,N2
浴,852,bathe,water; water droplets; water pistol; valley; eight; umbrella; mouth,ヨク,あ.びる; あ.びせる,10,N2
容,853,contain,house; valley; eight; umbrella; mouth,ヨウ,い.れる,10,N3
溶,854,melt,water; water droplets; water pistol; contents; contain; house; valley; animal legs; eight; umbrella; mouth,ヨウ,と.ける; と.かす; と.く,13,N2
欲,855,longing,valley; eight; umbrella; mouth; lack; yawn,ヨク,ほっ.する; ほ.しい,11,N3
裕,856,abundant,cloak; valley; eight; umbrella; mouth,ユウ,,12,N1
鉛,857,lead (metal),lead; metal; gold; gully; eight; mouth,エン,なまり,13,N1
沿,858,run alongside,water; water droplets; water pistol; gully; eight; mouth,エン,そ.う; -ぞ.い,8,N1
賞,859,prize,outhouse; small; little; crown; mouth; shellfish; clam; oyster; eye; animal legs; eight,ショウ,ほ.める,15,N2
党,860,party,outhouse; small; little; crown; mouth; human legs,トウ,なかま; むら,10,N2
堂,861,hall,outhouse; small; little; crown; mouth; soil; dirt; ground,ドウ,,11,N4
常,862,usual,outhouse; small; little; crown; mouth; towel,ジョウ,つね; とこ-,11,N3
裳,863,skirt,outhouse; small; little; crown; mouth; cloth; clothes; clothing; garment,ショウ,も; もすそ,14
掌,864,manipulate,outhouse; small; little; crown; mouth; hand,ショウ,てのひら; たなごころ,12,N1
皮,865,pelt,branch; ten; needle; crotch; hook,ヒ,かわ; けがわ,5,N2
波,866,waves,water; water droplets; water pistol; pelt; branch; ten; needle; crotch; hook,ハ,なみ,8,N2
婆,867,old woman,wave; water; water droplets; water pistol; pelt; branch; ten; needle; crotch; hook; woman,バ,ばば; ばあ,11,N1
披,868,expose,finger; fingers; pelt; branch; ten; needle; crotch; hook,ヒ,,8,N1
破,869,rend,stone; rock; pelt; branch; ten; needle; crotch; hook,ハ,やぶ.る; やぶ.れる,10,N3
被,870,incur,cloak; pelt; branch; ten; needle; crotch; hook,ヒ,こうむ.る; おお.う; かぶ.る; かぶ.せる,10,N2
残,871,remainder,bones; one; ceiling; evening; float,ザン; サン,のこ.る; のこ.す; そこな.う; のこ.り,10,N3
殉,872,martyrdom,bones; one; ceiling; evening; decameron; bound up; sun; day,ジュン,,10,N1
殊,873,particularly,bones; one; ceiling; evening; vermilion; drop; not yet; one; tree; wood,シュ,こと,10,N1
殖,874,augment,bones; one; ceiling; evening; straightaway; ten; needle; eye; fishhook,ショク,ふ.える; ふ.やす,12,N1
列,875,file,bones; one; ceiling; evening; sword; sabre; saber,レツ; レ,,6,N3
裂,876,split,file; bones; one; ceiling; evening; sword; sabre; saber; cloth; clothes; clothing; garment,レツ,さ.く; さ.ける; -ぎ.れ,12,N1
烈,877,ardent,file; bones; one; ceiling; evening; sword; sabre; saber; oven-fire; barbecue,レツ,はげ.しい,10,N1
死,878,death,bones; one; ceiling; evening; spoon; sitting on the ground,シ,し.ぬ; し.に-,6,N4
葬,879,interment,flowers; death; bones; one; ceiling; evening; spoon; sitting on the ground; two hands,ソウ,ほうむ.る,12,N1
瞬,880,wink,eye; Rose of Sharon; birdhouse; birdcage; claw; vulture; crown; sunglasses; dancing legs; ballerina; evening,シュン,またた.く; まじろ.ぐ,18,N1
耳,881,ear,,ジ,みみ,6,N3
取,882,take,ear; crotch,シュ,と.る; と.り; と.り-; とり; -ど.り,8,N3
趣,883,gist,run; soil; dirt; ground; mend; take; ear; crotch,シュ,おもむき; おもむ.く,15,N1
最,884,utmost,sun; day; take; ear; crotch,サイ; シュ,もっと.も; つま,12,N3
撮,885,snapshot,finger; fingers; utmost; sun; day; take; ear; crotch,サツ,と.る; つま.む; -ど.り,15,N1
恥,886,shame,ear; heart,チ,は.じる; はじ; は.じらう; は.ずかしい,10,N3
職,887,post,ear; kazoo; sound; vase; stand up; sun; day; fiesta,ショク; ソク,,18,N3
聖,888,holy,ear; mouth; king; jewel; ball,セイ; ショウ,ひじり,13,N1
敢,889,daring,street; nail; spike; ear; taskmaster,カン,あ.えて; あ.えない; あ.えず,12,N1
聴,890,listen,ear; stethoscope; camel; ten; needle; eye; cross-eyed; net; heart,チョウ; テイ,き.く; ゆる.す,17,N1
懐,891,pocket,Freud; state of mind; poltergeist; BernaE; ten; needle; eye; cross-eyed; net; top hat; scarf; cloth; clothes; clothing; garment,カイ; エ,ふところ; なつ.かしい; なつ.かしむ; なつ.く; なつ.ける; なず.ける; いだ.く; おも.う,16,N1
慢,892,ridicule,Freud; state of mind; mandala; sun; day; eye; cross-eyed; net; crotch,マン,,14,N1
漫,893,loose,water; water droplets; water pistol; mandala; sun; day; eye; cross-eyed; net; crotch,マン,みがりに,14,N1
買,894,buy,eye; cross-eyed; net; shellfish; clam; oyster; eye; animal legs; eight,バイ,か.う,12,N4
置,895,placement,eye; cross-eyed; net; straightaway; ten; needle; eye; fishhook,チ,お.く; -お.き,13,N3
罰,896,penalty,eye; cross-eyed; net; say; words; keitai; mouth; sword; sabre; saber,バツ; バチ; ハツ,ばっ.する,14,N1
寧,897,rather,house; heart; eye; cross-eyed; net; street; nail; spike,ネイ,むし.ろ,14,N1
濁,898,voiced,water; water droplets; water pistol; spider; eye; cross-eyed; net; bound up; insect,ダク; ジョク,にご.る; にご.す,16,N1
環,899,ring,king; jewel; ball; trampoline; eye; cross-eyed; net; one; ceiling; mouth; scarf,カン,わ,17,N1
還,900,send back,trampoline; eye; cross-eyed; net; one; ceiling; mouth; scarf; road,カン,かえ.る,16,N1
夫,901,husband,one; large,フ; フウ; ブ,おっと; そ.れ,4,N3
扶,902,aid,finger; fingers; husband,フ,たす.ける,7,N1
渓,903,mountain stream,water; water droplets; water pistol; claw; vulture; husband,ケイ,たに; たにがわ,11,N1
規,904,standard,husband; see; telescope; eye; human legs,キ,,11,N3
替,905,exchange,husband; sun; day; tongue wagging,タイ,か.える; か.え-; か.わる,12,N2
賛,906,approve,husband; shellfish; clam; oyster; eye; animal legs; eight,サン,たす.ける; たた.える,15,N3
潜,907,submerge,water; water droplets; water pistol; exchange; husband; sun; day; tongue wagging,セン,ひそ.む; もぐ.る; かく.れる; くぐ.る; ひそ.める,15,N1
失,908,lose,drop; husband,シツ,うしな.う; う.せる,5,N3
鉄,909,iron,metal; gold; lose; drop; husband,テツ,くろがね,13,N2
迭,910,alternate,transfer; lose; drop; husband; road,テツ,,8,N1
臣,911,retainer,slave,シン; ジン,,7,N2
姫,912,princess,woman; retainer; slave,キ,ひめ; ひめ-,10,N1
蔵,913,storehouse,flowers; parade; retainer; slave,ゾウ; ソウ,くら; おさ.める; かく.れる,15,N2
臓,914,entrails,moon; month; flesh; part of the body; storehouse; flowers; parade; retainer; slave,ゾウ,はらわた,19,N2
賢,915,intelligent,loincloth; retainer; slave; crotch; shellfish; clam; oyster; eye; animal legs; eight,ケン,かしこ.い,16,N2
腎,916,kidney,loincloth; retainer; slave; crotch; moon; month; flesh; part of the body,ジン,,13
堅,917,strict,loincloth; retainer; slave; crotch; soil; dirt; ground,ケン,かた.い; -がた.い,12,N1
臨,918,look to,retainer; slave; reclining; lying down; goods; mouth,リン,のぞ.む,18,N1
覧,919,perusal,retainer; slave; reclining; lying down; one; floor; look; see; telescope; eye; human legs,ラン,み.る,17,N1
巨,920,gigantic,Fafner,キョ,,5,N2
拒,921,repel,finger; fingers; gigantic; Fafner,キョ; ゴ,こば.む,8,N1
力,922,power,muscle; arnold,リョク; リキ; リイ,ちから,2,N4
男,923,man,rice field; brains; power; muscle; arnold,ダン; ナン,おとこ; お,7,N5
労,924,labor,schoolhouse; owl; crown; power; muscle; arnold,ロウ,ろう.する; いたわ.る; いた.ずき; ねぎら; つか.れる; ねぎら.う,7,N3
募,925,recruit,graveyard; flowers; sun; day; large; St. Bernard; power; muscle; arnold,ボ,つの.る,12,N2
劣,926,inferiority,few; power; muscle; arnold,レツ,おと.る,6,N1
功,927,achievement,craft; powered; power; muscle; arnold,コウ; ク,いさお,5,N1
勧,928,persuade,pegasus; horse; pantomime horse; noon; sign of the horse; turkey; power; muscle; arnold,カン; ケン,すす.める,13,N1
努,929,toil,guy; woman; crotch; power; muscle; arnold,ド,つと.める,7,N3
勃,930,uprising,bishop; cross; ten; needle; crown; child; power; muscle; arnold,ボツ; ホツ,おこ.る; にわかに,9
励,931,encourage,Wimbledon; cliff; ten thousand; power; muscle; arnold,レイ,はげ.む; はげ.ます,7,N1
加,932,add,power; muscle; arnold; mouth,カ,くわ.える; くわ.わる,5,N3
賀,933,congratulations,add; power; muscle; arnold; mouth; shellfish; clam; oyster; eye; animal legs; eight,ガ,,12,N1
架,934,erect,add; power; muscle; arnold; mouth; tree; wood,カ,か.ける; か.かる,9,N1
脇,935,armpit,moon; month; flesh; part of the body; triceps; power; muscle; arnold,キョウ,わき; わけ,10
脅,936,threaten,triceps; power; muscle; arnold; moon; month; flesh; part of the body,キョウ,おびや.かす; おど.す; おど.かす,10,N1
協,937,co-,ten; needle; triceps; power; muscle; arnold,キョウ,,8,N2
行,938,going,boulevard,コウ; ギョウ; アン,い.く; ゆ.く; -ゆ.き; -ゆき; -い.き; -いき; おこな.う; おこ.なう,6,N5
律,939,rhythm,Nelson; column; going; line; brush,リツ; リチ; レツ,,9,N2
復,940,restore,Nelson; column; going; line; fold back; double back; reclining; lying down; sun; day; walking legs,フク,また,12,N2
得,941,gain,Nelson; column; going; line; bill posters; nightbreak; sun; day; one; floor; glue,トク,え.る; う.る,11,N3
従,942,accompany,Nelson; column; going; line; horns; mend,ジュウ; ショウ; ジュ,したが.う; したが.える; より,10,N1
徒,943,junior,Nelson; column; going; line; run; soil; dirt; ground; mend,ト,いたずら; あだ,10,N3
待,944,wait,Nelson; column; going; line; Buddhist temple; soil; dirt; ground; glue,タイ,ま.つ; -ま.ち,9,N4
往,945,journey,Nelson; column; going; line; candlestick; lord; drop; king; jewel; ball,オウ,い.く; いにしえ; さき.に; ゆ.く,8,N1
征,946,subjugate,Nelson; column; going; line; correct; one; ceiling; stop; footprint,セイ,,8,N1
径,947,diameter,Nelson; column; going; line; spool; clod; toilet paper; crotch; soil; dirt; ground,ケイ,みち; こみち; さしわたし; ただちに,8,N1
彼,948,he,Nelson; column; going; line; pelt; branch; ten; needle; crotch; hook,ヒ,かれ; かの; か.の,8,N3
役,949,duty,Nelson; column; going; line; cruise missile; missile; wind; crotch,ヤク; エキ,,7,N3
徳,950,benevolence,Nelson; column; going; line; stethoscope; camel; ten; needle; eye; cross-eyed; net; heart,トク,,14,N1
徹,951,penetrate,Nelson; column; going; line; borstal; bring up; infant; toddler; top hat; elbow; moon; month; flesh; part of the body; taskmaster,テツ,,15,N1
徴,952,indications,sherpa; Nelson; column; going; line; mountain; king; jewel; ball; taskmaster,チョウ; チ,しるし,14,N1
懲,953,penal,indications; sherpa; Nelson; column; going; line; mountain; king; jewel; ball; taskmaster; heart,チョウ,こ.りる; こ.らす; こ.らしめる,18,N1
微,954,delicate,sherpa; Nelson; column; going; line; mountain; one; ceiling; human legs; taskmaster,ビ,かす.か,13,N1
街,955,boulevard,going; ivy; square jewel; soil; dirt; ground,ガイ; カイ,まち,12,N1
桁,956,girder,tree; wood; going,コウ,けた,10
衡,957,equilibrium,boulevard; going; bound up; rice field; brains; large; St. Bernard,コウ,,16,N1
稿,958,draft,wheat; cereal; tall; top hat; mouth; hood; mouth,コウ,わら; したがき,15,N1
稼,959,earnings,wheat; cereal; house; sow; pig,カ,かせ.ぐ,15,N1
程,960,extent,wheat; cereal; display; mouth; king; jewel; ball,テイ,ほど; -ほど,12,N3
税,961,tax,wheat; cereal; devil; horns; elder brother; teenager; mouth; human legs,ゼイ,,12,N2
稚,962,immature,wheat; cereal; turkey,チ; ジ,いとけない; おさない; おくて; おでる,13,N1
和,963,harmony,wheat; cereal; mouth,ワ; オ; カ,やわ.らぐ; やわ.らげる; なご.む; なご.やか,8,N3
移,964,shift,wheat; cereal; many; evening,イ,うつ.る; うつ.す,11,N2
秒,965,second,wheat; cereal; few,ビョウ,,9,N2
秋,966,autumn,wheat; cereal; fire,シュウ,あき; とき,9,N4
愁,967,distress,autumn; wheat; cereal; fire; heart,シュウ,うれ.える; うれ.い,13,N1
私,968,private,wheat; cereal; elbow,シ,わたくし; わたし,7,N4
秩,969,regularity,wheat; cereal; lose; drop; husband,チツ,,10,N1
秘,970,secret,wheat; cereal; invariably; heart; drop,ヒ,ひ.める; ひそ.か; かく.す,10,N1
称,971,appellation,wheat; cereal; hammock; reclining; lying down; small; little,ショウ,たた.える; とな.える; あ.げる; かな.う; はか.り; はか.る; ほめ.る,10,N1
利,972,profit,wheat; cereal; sword; sabre; saber,リ,き.く,7,N3
梨,973,pear tree,profit; wheat; cereal; sword; sabre; saber; tree; wood,リ,なし,11,N1
穫,974,harvest,wheat; cereal; radio caroline; flowers; vessels; turkey; crotch,カク,,18,N1
穂,975,ear of a plant,ear (of a plant); wheat; cereal; favour; favor; ten; needle; rice field; brains; heart,スイ,ほ,15,N1
稲,976,rice plant,wheat; cereal; claw; vulture; old days; olden times; stick; sun; day,トウ; テ,いね; いな-,14,N1
香,977,incense,wheat; cereal; sun; day,コウ; キョウ,か; かお.り; かお.る,9,N2
季,978,seasons,wheat; cereal; child,キ,,8,N2
委,979,committee,wheat; cereal; woman,イ,ゆだ.ねる,8,N2
秀,980,excel,wheat; cereal; fist; from,シュウ,ひい.でる,7,N1
透,981,transparent,excel; wheat; cereal; fist; from; road,トウ,す.く; す.かす; す.ける; とう.る; とう.す,10,N1
誘,982,entice,say; words; keitai; mouth; excel; wheat; cereal; fist; from,ユウ; イウ,さそ.う; いざな.う,14,N1
稽,983,training,wheat; cereal; understandably; chihuahua with one human leg; delicious; spoon; sitting on the ground; sun; day,ケイ,かんが.える; とど.める,15
穀,984,cereals,samurai; crown; wheat; cereal; cruise missile; missile; wind; crotch,コク,,14,N1
菌,985,germ,flowers; pent in; wheat; cereal,キン,,11,N1
萎,986,numb,flowers; committee; wheat; cereal; woman,イ,な; しお.れる; しな.びる; しぼ.む; な.える,11
米,987,rice,,ベイ; マイ; メエトル,こめ; よね,6,N3
粉,988,flour,rice; part; eight; sword; dagger,フン; デシメートル,こ; こな,10,N2
粘,989,sticky,rice; fortune-telling; magic wand; augury; mouth,ネン,ねば.る,11,N1
粒,990,grains,rice; vase; stand up,リュウ,つぶ,11,N2
粧,991,cosmetics,rice; shire; cave; soil; dirt; ground,ショウ,,12
迷,992,astray,rice; road,メイ,まよ.う,9,N3
粋,993,chic,rice; ninety; nine; baseball; ten; needle,スイ,いき,10,N1
謎,994,riddle,say; words; keitai; mouth; astray; rice; road,メイ; ベイ,なぞ,16
糧,995,provisions,rice; quantity; nightbreak; sun; day; one; floor; computer,リョウ; ロウ,かて,18,N1
菊,996,chrysanthemum,flowers; rice cooker; bound up; rice,キク,,11,N1
奥,997,core,drop; pent in; rice; large; St. Bernard,オウ; オク,おく.まる; くま,12,N2
数,998,number,rice; woman; taskmaster,スウ; ス; サク; ソク; シュ,かず; かぞ.える; しばしば; せ.める; わずらわ.しい,13,N3
楼,999,watchtower,tree; wood; rice; woman,ロウ,たかどの,13,N1
類,1000,sort,rice; large; St. Bernard; head; page; one; ceiling; drop; shellfish; clam; oyster; eye; animal legs; eight,ルイ,たぐ.い,18,N3
漆,1001,lacquer,water; water droplets; water pistol; tree; wood; umbrella; grains of rice,シツ,うるし,14,N1
膝,1002,knee,moon; month; flesh; part of the body; tree; wood; umbrella; grains of rice,シツ,ひざ,15
様,1003,Esq.,tree; wood; sheep; grains of rice,ヨウ; ショウ,さま; さん,14,N3
求,1004,request,arrow; grains of rice,キュウ; グ,もと.める,7,N3
球,1005,ball,king; jewel; request; arrow; grains of rice,キュウ,たま,11,N3
救,1006,salvation,request; arrow; grains of rice; taskmaster,キュウ,すく.う,11,N1
竹,1007,bamboo,,チク,たけ,6,N2
笑,1008,laugh,bamboo; heavens,ショウ,わら.う; え.む,10,N3
笠,1009,bamboo hat,bamboo; vase; stand up,リュウ,かさ,11
笹,1010,bamboo grass,bamboo; generation,,ささ,11,N1
箋,1011,stationery,,,,14
筋,1012,muscle,bamboo; moon; month; flesh; part of the body; power; arnold,キン,すじ,12,N1
箱,1013,box,bamboo; inter; Inter Milan; tree; wood; eye,ソウ,はこ,15,N3
筆,1014,writing brush,bamboo; brush,ヒツ,ふで,12,N2
筒,1015,cylinder,bamboo; same; monks; hood; one; mouth,トウ,つつ,12,N2
等,1016,etc.,bamboo; Buddhist temple; soil; dirt; ground; glue,トウ,ひと.しい; など; -ら,12,N3
算,1017,calculate,bamboo; eye; two hands,サン,そろ,14,N2
答,1018,solution,bamboo; fit; meeting; umbrella; one; mouth,トウ,こた.える; こた.え,12,N4
策,1019,scheme,bamboo; tree; wood; belt,サク,,12,N1
簿,1020,register,bamboo; water; water droplets; water pistol; acupuncturist; specialty; drop; ten; needle; rice field; brains; glue,ボ,,19,N1
築,1021,fabricate,bamboo; barge; craft; mediocre; wind; drop; tree; wood,チク,きず.く,16,N2
篭,1022,basket,,,,16
人,1023,person,,ジン; ニン,ひと; -り; -と,2,N5
佐,1024,assistant,person; left; by one’s side; craft,サ,,7,N1
侶,1025,partner,person; spine; mouth; drop; mouth,リョ; ロ,とも,9
但,1026,however,person; nightbreak; sun; day; one; floor,タン,ただ.し,7,N1
住,1027,dwell,person; candlestick; lord; drop; king; jewel; ball,ジュウ; ヂュウ; チュウ,す.む; す.まう; -ず.まい,7,N4
位,1028,rank,person; vase; stand up,イ,くらい; ぐらい,7,N3
仲,1029,go-between,person; in; stick; mouth,チュウ,なか,6,N2
体,1030,body,person; origin; book; tree; wood; one,タイ; テイ,からだ; かたち,7,N4
悠,1031,remote,permanence; person; stick; fred astaire; taskmaster; heart,ユウ,,11,N1
件,1032,affair,person; cow,ケン,くだん,6,N3
仕,1033,attend,person; samurai,シ; ジ,つか.える,5,N4
他,1034,other,person; scorpion,タ,ほか,5,N3
伏,1035,prostrated,person; chihuahua; dog; large; drop,フク,ふ.せる; ふ.す,6,N1
伝,1036,transmit,person; rising cloud; two; elbow; wall,デン; テン,つた.わる; つた.える; つた.う; つだ.う; -づた.い; つて,6,N3
仏,1037,Buddha,buddha; person; elbow,ブツ; フツ,ほとけ,4,N2
休,1038,rest,person; tree; wood,キュウ,やす.む; やす.まる; やす.める,6,N5
仮,1039,provisional,sham; person; anti-; demonstration; cliff; crotch,カ; ケ,かり; かり-,6,N1
伎,1040,performing artist,person; branch; ten; needle; crotch,ギ; キ,わざ; わざおぎ,6,N1
伯,1041,chief,person; white; dove,ハク,,7,N1
俗,1042,vulgar,person; valley; eight; umbrella; mouth,ゾク,,9,N1
信,1043,faith,person; say; words; keitai; mouth,シン,,9,N3
佳,1044,excellent,person; ivy; square jewel; soil; dirt; ground,カ,,8,N1
依,1045,reliant,person; cloth; clothes; clothing; garment,イ; エ,よ.る,8,N2
例,1046,example,person; file; bones; one; ceiling; evening; sword; sabre; saber,レイ,たと.える,8,N3
個,1047,individual,person; harden; pent in; old; tombstone; gravestone; church; ten; needle; mouth,コ; カ,,10,N2
健,1048,healthy,person; build; brush; stretch,ケン,すこ.やか,11,N1
側,1049,side,person; rule; shellfish; clam; oyster; eye; animal legs; eight; sword; sabre; saber,ソク,かわ; がわ; そば,11,N3
侍,1050,waiter,person; Buddhist temple; soil; dirt; ground; glue,ジ; シ,さむらい; はべ.る,8,N1
停,1051,halt,person; pavilion; tall; top hat; mouth; crown; street; nail; spike,テイ,と.める; と.まる,11,N2
値,1052,price,person; straightaway; ten; needle; eye; fishhook,チ,ね; あたい,10,N3
倣,1053,emulate,person; set free; compass; direction; taskmaster,ホウ,なら.う,10,N1
傲,1054,arrogance,,ゴウ,あなど.る; おご.る,13
倒,1055,overthrow,person; arrival; climax; wall; one; ceiling; elbow; soil; dirt; ground; sword; sabre; saber,トウ,たお.れる; -だお.れ; たお.す,10,N3
偵,1056,spy,person; upright; magic wand; augury; shellfish; clam; oyster; eye; animal legs; eight,テイ,,11,N1
僧,1057,Buddhist priest,buddhist priest; person; increase; formerly; horns; rice field; brains; sun; day,ソウ,,13,N1
億,1058,hundred million,person; idea; sound; vase; stand up; sun; day; heart,オク,,15,N2
儀,1059,ceremony,person; righteousness; sheep; ego; hand; fiesta,ギ,,15,N1
償,1060,reparation,person; prize; outhouse; small; little; crown; mouth; shellfish; clam; oyster; eye; animal legs; eight,ショウ,つぐな.う,17,N1
仙,1061,hermit,person; mountain,セン; セント,,5,N1
催,1062,sponsor,person; mountain; turkey,サイ,もよう.す; もよお.す,13,N1
仁,1063,humanity,person; two,ジン; ニ; ニン,,4,N1
侮,1064,scorn,person; every; reclining; lying down; mother; breasts,ブ,あなど.る; あなず.る,8,N1
使,1065,use,person; history; length; stick; mouth; tucked under the arm,シ,つか.う; つか.い; -つか.い; -づか.い,8,N4
便,1066,convenience,person; grow late; Ameratasu; one; ceiling; sun; tucked under the arm,ベン; ビン,たよ.り,9,N3
倍,1067,double,person; muzzle; vase; stand up; mouth,バイ,,10,N2
優,1068,tenderness,person; melancholy; summer; head; page; crown; heart; walking legs,ユウ; ウ,やさ.しい; すぐ.れる; まさ.る,17,N3
伐,1069,fell,person; fiesta,バツ; ハツ; カ; ボチ,き.る; そむ.く; う.つ,6,N1
宿,1070,inn,house; person; hundred; one; ceiling; white; dove,シュク,やど; やど.る; やど.す,11,N3
傷,1071,wound,person; reclining; lying down; piggy bank; sun; day; piglets,ショウ,きず; いた.む; いた.める,13,N1
保,1072,protect,person; dumbfounded; mouth; tree; wood,ホ; ホウ,たも.つ,9,N1
褒,1073,praise,top hat; protect; person; dumbfounded; mouth; tree; wood; scarf,ホウ,ほ.める,15,N1
傑,1074,greatness,person; sunglasses; dancing legs; ballerina; evening; tree; wood,ケツ,すぐ.れる,13,N1
付,1075,adhere,person; glue,フ,つ.ける; -つ.ける; -づ.ける; つ.け; つ.け-; -つ.け; -づ.け; -づけ; つ.く; -づ.く; つ.き; -つ.き; -つき; -づ.き; -づき,5,N3
符,1076,token,bamboo; adhere; sellotape; person; glue,フ,,11,N2
府,1077,municipality,borough; cave; adhere; sellotape; person; glue,フ,,8,N2
任,1078,responsibility,person; porter; drop; samurai,ニン,まか.せる; まか.す,6,N3
賃,1079,fare,responsibility; person; porter; drop; samurai; shellfish; clam; oyster; eye; animal legs; eight,チン,,13,N1
代,1080,substitute,person; arrow,ダイ; タイ,か.わる; かわ.る; かわ.り; -がわ.り; か.える; よ; しろ,5,N4
袋,1081,sack,substitute; person; arrow; garment,タイ; ダイ,ふくろ,11,N2
貸,1082,lend,substitute; person; arrow; shellfish; clam; oyster; eye; animal legs; eight,タイ,か.す; か.し-; かし-,12,N4
化,1083,change,person; spoon; sitting on the ground,カ; ケ,ば.ける; ば.かす; ふ.ける; け.する,4,N3
花,1084,flower,flowers; change; person; spoon; sitting on the ground,カ; ケ,はな,7,N4
貨,1085,freight,change; person; spoon; sitting on the ground; shellfish; clam; oyster; eye; animal legs; eight,カ,たから,11,N2
傾,1086,lean,change; person; about that time; spoon; sitting on the ground; head; page; one; ceiling; drop; shellfish; clam; oyster; eye; animal legs; eight,ケイ,かたむ.く; かたむ.ける; かたぶ.く; かた.げる; かし.げる,13,N2
何,1087,what,person; can; mouth; street; nail; spike,カ,なに; なん; なに-; なん-,7,N5
荷,1088,baggage,flowers; what; person; can; mouth; street; nail; spike,カ,に,10,N2
俊,1089,sagacious,person; streetwalker; Ministry of silly walks; John Cleese; license; elbow; human legs; walking legs,シュン,,9,N1
傍,1090,bystander,person; traffic cop; fez; vase; stand up; crown; compass; direction,ボウ,かたわ.ら; わき; おか-; はた; そば,12,N1
俺,1091,myself,person; dachshund; large; St. Bernard; eel; sun; day,エン,おれ; われ,10
久,1092,long time,bound up; person; mummy,キュウ; ク,ひさ.しい,3,N2
畝,1093,furrow,top hat; rice field; brains; long time; mummy; bound up; person,ボウ; ホ; モ; ム,せ; うね,10,N1
囚,1094,captured,pent in; person,シュウ,とら.われる,5,N1
内,1095,inside,person; belt,ナイ; ダイ,うち,4,N3
丙,1096,third class,one; ceiling; inside; person; belt,ヘイ,ひのえ,5,N1
柄,1097,design,tree; wood; third class; one; ceiling; inside; person; belt,ヘイ,がら; え; つか,9,N1
肉,1098,meat,person; inside; belt; person,ニク,しし,6,N4
腐,1099,rot,borough; municipality; cave; adhere; sellotape; person; glue; meat; inside; belt; person,フ,くさ.る; -くさ.る; くさ.れる; くさ.れ; くさ.らす; くさ.す,14,N1
座,1100,sit,squat; cave; shire; assembly line; person; soil; dirt; ground,ザ,すわ.る,10,N3
挫,1101,sprain,finger; fingers; sitting in meditation; assembly line; person; soil; dirt; ground,ザ; サ,くじ.く; くじ.ける,10
卒,1102,graduate,top hat; assembly line; person; ten; needle,ソツ; シュツ,そっ.する; お.える; お.わる; ついに; にわか,8,N2
傘,1103,umbrella,assembly line; person; ten; needle,サン,かさ,12,N1
匁,1104,monme,bound up; tucked under the arm,,もんめ; め,4,N1
以,1105,by means of,plow; drop; person,イ,もっ.て,5,N4
似,1106,similar,becoming; person; by means of; plow; drop; person,ジ,に.る; ひ.る,7,N3
併,1107,join,person; puzzle; horns; two hands,ヘイ,あわ.せる,8,N1
瓦,1108,tile,one; ceiling; cane; stick; drop; fishhook; ice,ガ,かわら; ぐらむ,5
瓶,1109,flower pot,puzzle; horns; two hands; tile; one; ceiling; cane; stick; drop; fishhook; ice,ビン,かめ,11,N2
宮,1110,Shinto shrine,shinto shrine; house; spine; mouth; drop,キュウ; グウ; ク; クウ,みや,10,N1
営,1111,occupation,schoolhouse; owl; crown; spine; mouth; drop,エイ,いとな.む; いとな.み,12,N2
善,1112,virtuous,sheep; horns; mouth,ゼン,よ.い; い.い; よ.く; よし.とする,12,N1
膳,1113,dining tray,moon; month; flesh; part of the body; virtuous; sheep; horns; mouth,ゼン; セン,かしわ; すす.める; そな.える,16
年,1114,year,sign of the horse; sunglasses,ネン,とし,6,N5
夜,1115,night,top hat; person; walking legs; drop,ヤ,よ; よる,8,N4
液,1116,fluid,water; water droplets; water pistol; night; top hat; person; walking legs; drop,エキ,,11,N2
塚,1117,hillock,soil; dirt; ground; crown; pig; sow,チョウ,つか; -づか,12,N1
幣,1118,cash,shredder; small; little; belt; taskmaster; towel,ヘイ,ぬさ,15,N1
蔽,1119,cover over,flowers; shredder; small; little; belt; taskmaster,ヘイ; ヘツ; フツ,おお.う; おお.い,15
弊,1120,abuse,shredder; small; little; belt; taskmaster; two hands,ヘイ,,15,N1
喚,1121,yell,mouth; bound up; four; large; St. Bernard,カン,わめ.く,12,N1
換,1122,interchange,finger; fingers; bound up; four; large; St. Bernard,カン,か.える; -か.える; か.わる,12,N2
融,1123,dissolve,tripod; one; ceiling; mouth; hood; human legs; street; nail; spike; insect,ユウ,と.ける; と.かす,16,N1
施,1124,alms,banner; direction; compass; direction; reclining; lying down; scorpion,シ; セ,ほどこ.す,9,N1
旋,1125,rotation,banner; direction; compass; direction; reclining; lying down; zoo; critters,セン,,11,N1
遊,1126,play,banner; direction; compass; direction; reclining; lying down; child; road,ユウ; ユ,あそ.ぶ; あそ.ばす,12,N3
旅,1127,trip,banner; direction; compass; direction; reclining; lying down; Carol in rags; person; rag,リョ,たび,10,N4
勿,1128,not,knot; piglet’s tail,モチ; ブツ; ボツ,なか.れ; なし,4
物,1129,thing,cow; knot; piglet’s tail,ブツ; モツ,もの; もの-,8,N4
易,1130,easy,sun; day; knot; piglet’s tail,エキ; イ,やさ.しい; やす.い,8,N3
賜,1131,grant,shellfish; clam; oyster; eye; animal legs; eight; easy; sun; day; knot; piglet’s tail,シ,たまわ.る; たま.う; たも.う,15,N1
尿,1132,urine,flag; water,ニョウ,,7,N1
尼,1133,nun,flag; spoon; sitting on the ground,ニ,あま,5,N1
尻,1134,buttocks,flag; nine; baseball,コウ,しり,5
泥,1135,mud,water; water droplets; water pistol; nun; flag; spoon; sitting on the ground,デイ; ナイ; デ; ニ,どろ,8,N2
塀,1136,fence,soil; dirt; ground; folding screen; flag; puzzle; horns; two hands,ヘイ; ベイ,,12,N1
履,1137,footgear,flag; restore; Nelson; column; going; line; fold back; double back; reclining; lying down; sun; day; walking legs,リ,は.く,15,N1
屋,1138,roof,flag; climax; wall; one; ceiling; elbow; soil; dirt; ground,オク,や,9,N4
握,1139,grip,finger; fingers; roof; flag climax; wall; one; ceiling; elbow; soil; dirt; ground,アク,にぎ.る,12,N1
屈,1140,yield,flag; exit,クツ,かが.む; かが.める,8,N1
掘,1141,dig,finger; fingers; yield; flag; exit,クツ,ほ.る,11,N2
堀,1142,ditch,moat; soil; dirt; ground; yield; flag; exit,クツ,ほり,11,N1
居,1143,reside,flag; old; tombstone; gravestone; church; ten; needle; mouth,キョ; コ,い.る; -い; お.る,8,N3
据,1144,set,finger; fingers; reside; flag; old; tombstone; gravestone; church; ten; needle; mouth,キョ,す.える; す.わる,11,N1
裾,1145,hem,cloak; reside; flag; old; tombstone; gravestone; church; ten; needle; mouth,キョ; コ,すそ,13
層,1146,stratum,flag; increase; formerly; horns; rice field; brains; sun; day,ソウ,,14,N2
局,1147,bureau,flag; phrase; bound up; mouth,キョク,つぼね,7,N3
遅,1148,slow,flag; sheep; road,チ,おく.れる; おく.らす; おそ.い,12,N3
漏,1149,leak,water; water droplets; water pistol; flag; rain; weather,ロウ,も.る; も.れる; も.らす,14,N1
刷,1150,printing,flag; towel; sword; sabre; saber,サツ,す.る; -ず.り; -ずり; は.く,8,N2
尺,1151,shaku,flag; stick,シャク,,4,N1
尽,1152,exhaust,shaku-hachi; flag; stick; ice,ジン; サン,つ.くす; -つ.くす; -づ.くし; -つ.く; -づ.く; -ず.く; つ.きる; つ.かす; さかづき; ことごと.く; つか; つき,6,N1
沢,1153,swamp,water; water droplets; water pistol; shaku-hachi; flag; stick,タク,さわ; うるお.い; うるお.す; つや,7,N1
訳,1154,translate,say; words; keitai; mouth; shaku-hachi; flag; stick,ヤク,わけ,11,N1
択,1155,choose,finger; fingers; shaku-hachi; flag; stick,タク,えら.ぶ,7,N1
昼,1156,daytime,shaku-hachi; flag; stick; nightbreak; sun; day; one; floor,チュウ,ひる,9,N4
戸,1157,door,one; flag,コ,と,4,N2
肩,1158,shoulder,door; one; ceiling; flag; moon; month; flesh; part of the body,ケン,かた,8,N2
房,1159,tassel,door; one; ceiling; flag; compass; direction,ボウ,ふさ,8,N1
扇,1160,fan,door; one; ceiling; flag; feathers; wings,セン,おうぎ,10,N1
炉,1161,hearth,hearth-fire; door; one; ceiling; flag,ロ,いろり,8,N1
戻,1162,re-,door; one; ceiling; flag; large; St. Bernard,レイ,もど.す; もど.る,7,N3
涙,1163,tears,water; water droplets; water pistol; re-; door; one; ceiling; flag; large; St. Bernard,ルイ; レイ,なみだ,10,N2
雇,1164,employ,door; one; ceiling; flag; turkey,コ,やと.う,12,N2
顧,1165,look back,employ; door; one; ceiling; flag; turkey; head; page; one; ceiling; drop; shellfish; clam; oyster; eye; animal legs; eight,コ,かえり.みる,21,N1
啓,1166,disclose,bouncer; door; one; ceiling; flag; taskmaster; mouth,ケイ,ひら.く; さと.す,11,N1
示,1167,show,altar; two; small,ジ; シ,しめ.す,5,N3
礼,1168,salutation,salute; altar; fishhook,レイ; ライ,,5,N3
祥,1169,auspicious,altar; sheep,ショウ,さいわ.い; きざ.し; よ.い; つまび.らか,10,N1
祝,1170,celebrate,altar; elder brother; teenager; mouth; human legs,シュク; シュウ,いわ.う,9,N2
福,1171,blessing,altar; wealth; one; ceiling; mouth; rice field; brains,フク,,13,N3
祉,1172,welfare,altar; stop; footprint,シ,,8,N1
社,1173,company,altar; soil; dirt; ground,シャ,やしろ,7,N4
視,1174,inspection,altar; see; telescope; eye; human legs,シ,み.る,11,N1
奈,1175,Nara,nara; large; St. Bernard; altar; show; two; small,ナ; ナイ; ダイ,いかん; からなし,8,N1
尉,1176,military officer,flag; altar; show; two; small; glue,イ; ジョウ,,11,N1
慰,1177,consolation,military officer; flag; altar; show; two; small; glue; heart,イ,なぐさ.める; なぐさ.む,15,N1
款,1178,goodwill,samurai; altar; show; two; small; lack; yawn,カン,,12,N1
禁,1179,prohibition,grove; tree; wood; altar; show; two; small,キン,,13,N2
襟,1180,collar,cloak; prohibition; grove; tree; wood; altar; show; two; small,キン,えり,18,N1
宗,1181,religion,house; altar; show; two; small,シュウ; ソウ,むね,8,N1
崇,1182,adore,mountain; religion; house; altar; show; two; small,スウ,あが.める,11,N1
祭,1183,ritual,moon; month; flesh; part of the body; crotch; altar; show; two; small,サイ,まつ.る; まつ.り; まつり,11,N2
察,1184,guess,house; ritual; moon; month; flesh; part of the body; crotch; altar; show; two; small,サツ,,14,N3
擦,1185,grate,finger; fingers; guess; house; ritual; moon; month; flesh; part of the body; crotch; altar; show; two; small,サツ,す.る; す.れる; -ず.れ; こす.る; こす.れる,17,N1
由,1186,wherefore,sprout; shoot,ユ; ユウ; ユイ,よし; よ.る,5,N3
抽,1187,pluck,finger; fingers; sprout; shoot,チュウ,ひき-,8,N1
油,1188,oil,water; water droplets; water pistol; sprout; shoot,ユ; ユウ,あぶら,8,N2
袖,1189,sleeve,cloak; sprout; shoot,シュウ,そで,10
宙,1190,mid-air,house; sprout; shoot,チュウ,,8,N1
届,1191,deliver,flag; sprout; shoot,カイ,とど.ける; -とど.け; とど.く,8,N2
笛,1192,flute,bamboo; sprout; shoot,テキ,ふえ,11,N1
軸,1193,axis,car; sprout; shoot,ジク,,12,N1
甲,1194,armor,armour; roots,コウ; カン; カ,きのえ,5,N1
押,1195,push,finger; fingers; armour; armor; roots,オウ,お.す; お.し-; お.っ-; お.さえる; おさ.える,8,N3
岬,1196,headland,mountain; armour; armor; roots,コウ,みさき,8,N1
挿,1197,insert,finger; fingers; thousand; armour; armor; roots,ソウ,さ.す; はさ.む,10,N1
申,1198,speaketh,monkey; sun; day; stick,シン,もう.す; もう.し-; さる,5,N3
伸,1199,expand,person; monkey; sun; day; stick,シン,の.びる; の.ばす; の.べる; の.す,7,N2
神,1200,gods,altar; monkey; sun; day; stick,シン; ジン,かみ; かん-; こう-,9,N3
捜,1201,search,finger; fingers; Buddha’s hand; monkey; sun; day; stick; crotch,ソウ; シュ; シュウ,さが.す,10,N2
果,1202,fruit,rice field; brains; tree; wood,カ,は.たす; はた.す; -は.たす; は.てる; -は.てる; は.て,8,N3
菓,1203,confectionary,flowers; fruit; rice field; brains; tree; wood,カ,,11,N2
課,1204,chapter,say; words; keitai; mouth; fruit; rice field; brains; tree; wood,カ,,15,N2
裸,1205,naked,cloak; fruit; rice field; brains; tree; wood,ラ,はだか,13,N1
斤,1206,ax,axe,キン,おの,4,N1
析,1207,chop,tree; wood; axe,セキ,,8,N1
所,1208,place,door; one; ceiling; flag; axe,ショ,ところ; -ところ; どころ; とこ,8,N3
祈,1209,pray,altar; axe,キ,いの.る,8,N2
近,1210,near,axe; road,キン; コン,ちか.い,7,N4
折,1211,fold,finger; fingers; axe,セツ,お.る; おり; お.り; -お.り; お.れる,7,N3
哲,1212,philosophy,fold; finger; fingers; axe; mouth,テツ,さとい; あき.らか; し.る; さば.く,10,N1
逝,1213,departed,fold; finger; fingers; axe; road,セイ,ゆ.く; い.く,10,N1
誓,1214,vow,fold; finger; fingers; axe; say; words; keitai; mouth,セイ,ちか.う,14,N1
斬,1215,chop off,executioner; car; axe,ザン; サン; セン; ゼン,き.る,11
暫,1216,temporarily,executioner; chop off; car; axe; sun; day,ザン,しばら.く,15,N1
漸,1217,steadily,water; water droplets; water pistol; executioner; chop off; car; axe,ゼン,やや,14,N1
断,1218,severance,fishhook; rice; axe,ダン,た.つ; ことわ.る; さだ.める,11,N3
質,1219,substance,axe; shellfish; clam; oyster; eye; animal legs; eight,シツ; シチ; チ,たち; ただ.す; もと; わりふ,15,N4
斥,1220,reject,axe; drop,セキ,しりぞ.ける,5,N1
訴,1221,accusation,say; words; keitai; mouth; reject; axe; drop,ソ,うった.える,12,N1
昨,1222,yesterday,sun; day; saw,サク,,9,N3
詐,1223,lie,say; words; keitai; mouth; saw,サ,いつわ.る,12,N1
作,1224,make,person; saw,サク; サ,つく.る; つく.り; -づく.り,7,N4
雪,1225,snow,rain; weather; broom,セツ,ゆき,11,N3
録,1226,record,metal; gold; dustpan; broom; grains of rice,ロク,,16,N2
剥,1227,peel off,,,,10
尋,1228,inquire,broom; craft; mouth; glue,ジン,たず.ねる; ひろ,12,N1
急,1229,hurry,bound up; broom; heart,キュウ,いそ.ぐ; いそ.ぎ,9,N4
穏,1230,calm,wheat; cereal; hideaway; claw; vulture; broom; heart,オン,おだ.やか,16,N1
侵,1231,encroach,person; French maid; tickle; broom; crown; crotch,シン,おか.す,9,N1
浸,1232,immersed,water; water droplets; water pistol; French maid; tickle; broom; crown; crotch,シン,ひた.す; ひた.る,10,N1
寝,1233,lie down,house; turtle; French maid; tickle; broom; crown; crotch,シン,ね.る; ね.かす; い.ぬ; みたまや; や.める,13,N3
婦,1234,lady,woman; feather duster; broom; apron; crown; towel,フ,よめ,11,N3
掃,1235,sweep,finger; fingers; feather duster; broom; apron; crown; towel,ソウ; シュ,は.く,11,N2
当,1236,hit,small; broom,トウ,あ.たる; あ.たり; あ.てる; あ.て; まさ.に; まさ.にべし,6,N3
彙,1237,glossary,broken broom; mutual; crown; fruit; rice field; brains; tree; wood; broom*,イ,はりねずみ,13
争,1238,contend,bound up; rake,ソウ,あらそ.う; いか.でか,6,N3
浄,1239,clean,water; water droplets; water pistol; contend; bound up; rake,ジョウ; セイ,きよ.める; きよ.い,9,N1
事,1240,matter,one; ceiling; mouth; rake,ジ; ズ,こと; つか.う; つか.える,8,N4
唐,1241,T'ang,T’ang; cave; rake; mouth,トウ,から,10
糖,1242,sugar,rice; T’ang; cave; rake; mouth,トウ,,16,N1
康,1243,sane,ease; cave; sieve; rake; grains of rice,コウ,,11,N1
逮,1244,apprehend,sieve; rake; grains of rice; road,タイ,,11,N1
伊,1245,Italy,italy; person; mop,イ,かれ,6,N1
君,1246,old boy,mop; mouth,クン,きみ; -ぎみ,7,N3
群,1247,flock,old boy; mop; mouth; sheep,グン,む.れる; む.れ; むら; むら.がる,13,N2
耐,1248,-proof,comb; glue,タイ,た.える,9,N1
需,1249,demand,rain; weather; comb,ジュ,,14,N1
儒,1250,Confucian,confucian; person; demand; rain; weather; comb,ジュ,,16,N1
端,1251,edge,vase; stand up; pick-axe; mountain; comb,タン,はし; は; はた; -ばた; はな,14,N1
両,1252,both,street; nail; spike; belt; shovel,リョウ,てる; ふたつ,6,N3
満,1253,full,water; water droplets; water pistol; flowers; both; street; nail; spike; belt; shovel,マン; バン,み.ちる; み.つ; み.たす,12,N3
画,1254,brush-stroke,one; ceiling; sprout; shoot; shovel,ガ; カク; エ; カイ,えが.く; かく.する; かぎ.る; はかりごと; はか.る,8,N4
歯,1255,tooth,stop; footprint; bag of rice; shovel,シ,よわい; は; よわ.い; よわい.する,12,N3
曲,1256,bend,rice field; brains; stick,キョク,ま.がる; ま.げる,6,N3
曹,1257,cadet,one; bend; sun; day,ソウ; ゾウ,つかさ; ともがら; へや,11,N1
遭,1258,encounter,cadet; one; bend; sun; day; road,ソウ,あ.う; あ.わせる,14,N1
漕,1259,rowing,water; water droplets; water pistol; cadet; one; bend; sun; day,ソウ,こ.ぐ; はこ.ぶ,14
槽,1260,vat,tree; wood; cadet; one; bend; sun; day,ソウ,ふね,15,N1
斗,1261,Big Dipper,big dipper; measuring cup; big dipper; The Plough; drop; ten; needle,ト; トウ,,4,N1
料,1262,fee,rice; measuring cup; big dipper; The Plough; drop; ten; needle,リョウ,,10,N4
科,1263,department,wheat; cereal; measuring cup; big dipper; The Plough; drop; ten; needle,カ,,9,N3
図,1264,map,pent in; measuring cup; big dipper; The Plough; drop; ten; needle,ズ; ト,え; はか.る,7,N4
用,1265,utilize,moon; month; flesh; part of the body; walking stick,ヨウ,もち.いる,5,N4
庸,1266,comfortable,commonplace; cave; rake; screwdriver; utilise; utilize; moon; month; flesh; part of the body; walking stick,ヨウ,,11,N1
備,1267,equip,person; flowers; cliff; screwdriver; utilise; utilize; moon; month; flesh; part of the body; walking stick,ビ,そな.える; そな.わる; つぶさ.に,12,N3
昔,1268,once upon a time,salad; flowers; one; floor; sun; day,セキ; シャク,むかし,8,N3
錯,1269,confused,metal; gold; once upon a time; storyteller; salad; sun; day,サク; シャク,,16,N1
借,1270,borrow,person; once upon a time; storyteller; salad; sun; day,シャク,か.りる,10,N4
惜,1271,pity,Freud; state of mind; once upon a time; storyteller; salad; sun; day,セキ,お.しい; お.しむ,11,N1
措,1272,set aside,finger; fingers; once upon a time; storyteller; salad; sun; day,ソ,お.く,11,N1
散,1273,scatter,salad; moon; month; flesh; part of the body; taskmaster,サン,ち.る; ち.らす; -ち.らす; ち.らかす; ち.らかる; ばら,12,N3
廿,1274,twenty,,ジュウ; ニュウ,にじゅう,4
庶,1275,commoner,caverns; cave; twenty; oven-fire; barbecue,ショ,,11,N1
遮,1276,intercept,commoner; caverns; cave; twenty; oven-fire; barbecue; road,シャ,さえぎ.る,14,N1
席,1277,seat,caverns; cave; twenty; towel,セキ,むしろ,10,N3
度,1278,degrees,caverns; cave; twenty; crotch,ド; ト; タク,たび; -た.い,9,N4
渡,1279,transit,water; water droplets; water pistol; degrees; caverns; cave; twenty; crotch,ト,わた.る; -わた.る; わた.す,12,N3
奔,1280,bustle,large; St. Bernard; haystack; ten; needle,ホン,はし.る,8,N1
噴,1281,erupt,mouth; pitchfork; haystack; ten; needle; shellfish; clam; oyster; eye; animal legs; eight,フン,ふ.く,15,N1
墳,1282,tomb,soil; dirt; ground; pitchfork; haystack; ten; needle; shellfish; clam; oyster; eye; animal legs; eight,フン,,15,N1
憤,1283,aroused,Freud; state of mind; pitchfork; haystack; ten; needle; shellfish; clam; oyster; eye; animal legs; eight,フン,いきどお.る,15,N1
焼,1284,bake,hearth fire; lofty; strawman; wickerman; haystack; ten; needle; one; human legs,ショウ,や.く; や.き; や.き-; -や.き; や.ける,12,N2
暁,1285,daybreak,sun; lofty; strawman; wickerman; haystack; ten; needle; one; human legs,ギョウ; キョウ,あかつき; さと.る,12,N1
半,1286,half,small; ten; needle,ハン,なか.ば,5,N5
伴,1287,consort,person; half,ハン; バン,ともな.う,7,N1
畔,1288,paddy ridge,paddy-ridge; rice field; brains; half,ハン,あぜ; くろ; ほとり,10,N1
判,1289,judgment,judgement; half; sword; sabre; saber,ハン; バン,わか.る,7,N3
拳,1290,fist,quarter; hand,ケン; ゲン,こぶし,10,N1
券,1291,ticket,quarter; sword; dagger,ケン,,8,N2
巻,1292,scroll,quarter; snake; self,カン; ケン,ま.く; まき; ま.き,9,N2
圏,1293,sphere,pent in; scroll; quarter; snake; self,ケン,かこ.い,12,N1
勝,1294,victory,edam; moon; month; flesh; part of the body; quarter; power; muscle; arnold,ショウ,か.つ; -が.ち; まさ.る; すぐ.れる; かつ,12,N3
藤,1295,wisteria,flowers; edam; moon; month; flesh; part of the body; quarter; grains of rice,トウ; ドウ,ふじ,18,N1
謄,1296,facsimilie,mimeograph; facsimile; edam; moon; month; flesh; part of the body; quarter; say; words; keitai; mouth,トウ,,17,N1
片,1297,one-sided,waiter with wine on tray,ヘン,かた-; かた,4,N2
版,1298,printing block,one-sided; waiter with wine on tray; anti-; demonstration; cliff; crotch,ハン,,8,N2
之,1299,of,Zorro; building blocks; zig-zag,シ,の; これ; おいて; ゆく; この,3,N1
乏,1300,destitution,drop; of; Zorro; building blocks; zig-zag,ボウ,とぼ.しい; とも.しい,4,N1
芝,1301,turf,flowers; of; Zorro; building blocks; zig-zag,シ,しば,6,N1
不,1302,negative,one; ceiling; person; drop,フ; ブ,,4,N4
否,1303,negate,negative; mouth,ヒ,いな; いや,7,N3
杯,1304,cupfuls,tree; wood; negative,ハイ,さかずき,8,N3
矢,1305,dart,drop; heavens,シ,や,5,N1
矯,1306,rectify,dart; drop; heavens; angel; heavens; mouth; hood; mouth,キョウ,た.める,17,N1
族,1307,tribe,banner; direction; compass; direction; reclining; lying down; dart; drop; heavens,ゾク,,11,N4
知,1308,know,dart; drop; heavens; mouth,チ,し.る; し.らせる,8,N4
智,1309,wisdom,know; dart; drop; heavens; mouth; sun; day; tongue wagging,チ,,12,N1
挨,1310,shove,finger; fingers; elbow; dart; drop; heavens,アイ,ひら.く,10
矛,1311,halberd,beforehand,ム; ボウ,ほこ,5,N1
柔,1312,tender,halberd; beforehand; tree; wood,ジュウ; ニュウ,やわ.らか; やわ.らかい; やわ; やわ.ら,9,N2
務,1313,task,halberd; beforehand; taskmaster; power; muscle; arnold,ム,つと.める,11,N3
霧,1314,fog,rain; weather; task; halberd; beforehand; taskmaster; power; muscle; arnold,ム; ボウ; ブ,きり,19,N1
班,1315,squad,sword; spear; cutlass; king; jewel; ball,ハン,,10,N1
帰,1316,homecoming,sword; spear; cutlass; feather duster; broom; apron; crown; towel,キ,かえ.る; かえ.す; おく.る; とつ.ぐ,10,N4
弓,1317,bow,,キュウ,ゆみ,3,N1
引,1318,pull,bow; stick,イン,ひ.く; ひ.き; ひ.き-; -び.き; ひ.ける,4,N3
弔,1319,condolences,bow; walking stick,チョウ,とむら.う; とぶら.う,4,N1
弘,1320,vast,bow; elbow,コウ; グ,ひろ.い,5,N1
強,1321,strong,bow; elbow; insect,キョウ; ゴウ,つよ.い; つよ.まる; つよ.める; し.いる; こわ.い,11,N4
弥,1322,more and more,bow; hammock; reclining; lying down; small; little,ミ; ビ,いや; や; あまねし; いよいよ; とおい; ひさし; ひさ.しい; わた.る,8,N1
弱,1323,weak,bow; ice,ジャク,よわ.い; よわ.る; よわ.まる; よわ.める,10,N2
溺,1324,drowning,water; water droplets; water pistol; weak; bow; ice,デキ; ジョウ; ニョウ,いばり; おぼ.れる,13
沸,1325,seethe,water; water droplets; water pistol; dollar; bow; stick,フツ,わ.く; わ.かす,8,N2
費,1326,expense,dollar; bow; stick; shellfish; clam; oyster; eye; animal legs; eight,ヒ,つい.やす; つい.える,12,N3
第,1327,No.,no.; bamboo; dollar; bow; stick,ダイ; テイ,,11,N1
弟,1328,younger brother,horns; dollar; bow; stick,テイ; ダイ; デ,おとうと,7,N4
巧,1329,adroit,craft; snare,コウ,たく.み; たく.む; うま.い,5,N1
号,1330,nickname,mouth; snare,ゴウ,さけ.ぶ; よびな,5,N3
朽,1331,decay,tree; wood; snare,キュウ,く.ちる,6,N1
誇,1332,boast,say; words; keitai; mouth; Batman; large; St. Bernard; chandelier; one; ceiling; snare,コ,ほこ.る,13,N1
顎,1333,chin,mousetrap; mouth; one; ceiling; snare; head; page; one; ceiling; drop; shellfish; clam; oyster; eye; animal legs; eight,ガク,あご; あぎと,18
汚,1334,dirty,water; water droplets; water pistol; snare; one; spike; stick,オ,けが.す; けが.れる; けが.らわしい; よご.す; よご.れる; きたな.い,6,N2
与,1335,bestow,slingshot; catapult; one,ヨ,あた.える; あずか.る; くみ.する; ともに,3,N3
写,1336,copy,crown; bestow; slingshot; catapult; one,シャ; ジャ,うつ.す; うつ.る; うつ-; うつ.し,5,N4
身,1337,somebody,nose,シン,み,7
射,1338,shoot,somebody; nose; glue,シャ,い.る; さ.す,10,N1
謝,1339,apologize,say; words; keitai; mouth; shoot bang bang; somebody; nose; glue,シャ,あやま.る,17,N1
老,1340,old man,soil; dirt; ground; spoon; sitting on the ground,ロウ,お.いる; ふ.ける,6,N3
考,1341,consider,old man; slingshot; catapult,コウ,かんが.える; かんが.え,6,N4
孝,1342,filial piety,old man; child,コウ; キョウ,,7
教,1343,teach,filial piety; old man; child; taskmaster,キョウ,おし.える; おそ.わる,11,N4
拷,1344,torture,finger; fingers; consider; old man; slingshot; catapult,ゴウ,,9,N1
者,1345,someone,puppet; sooty; old man; sun; day,シャ,もの,8,N4
煮,1346,boil,someone; puppet; sooty; old man; sun; day; oven-fire; barbecue,シャ,に.る; -に; に.える; に.やす,12,N1
著,1347,renowned,flowers; someone; puppet; sooty; old man; sun; day,チョ; チャク,あらわ.す; いちじる.しい,11,N2
箸,1348,chopsticks,bamboo; someone; puppet; sooty; old man; sun; day,チョ; チャク,はし,15
署,1349,signature,eye; cross-eyed; net; someone; puppet; sooty; old man; sun; day,ショ,,13,N2
暑,1350,sultry,sun; day; someone; puppet; sooty; old man,ショ,あつ.い,12,N1
諸,1351,various,say; words; keitai; mouth; someone; puppet; sooty; old man; sun; day,ショ,もろ,15,N2
猪,1352,boar,pack of wild dogs; someone; puppet; sooty; old man; sun; day,チョ,い; いのしし,11,N1
渚,1353,strand,water; water droplets; water pistol; someone; puppet; sooty; old man; sun; day,ショ,なぎさ,11,N1
賭,1354,gamble,shellfish; clam; oyster; eye; animal legs; eight; someone; puppet; sooty; old man; sun; day,ト,か.ける; かけ,15
峡,1355,gorge,mountain; scissors; husband; horns,キョウ; コウ,はざま,9,N1
狭,1356,cramped,pack of wild dogs; scissors; husband; horns,キョウ; コウ,せま.い; せば.める; せば.まる; さ,9,N1
挟,1357,sandwiched,finger; fingers; scissors; husband; horns,キョウ; ショウ,はさ.む; はさ.まる; わきばさ.む; さしはさ.む,9,N2
頬,1358,cheek,,,,15
追,1359,chase,maestro; road,ツイ,お.う,9,N3
阜,1360,large hill,maestro; ten; needle,フ; フウ,,8
師,1361,expert,maestro; noren; one; ceiling; towel,シ; ス,もろもろ; なら.う,10,N3
帥,1362,commander,maestro; towel,スイ,,9,N1
官,1363,bureaucrat,house; maestro without baton,カン,,8,N3
棺,1364,coffin,tree; wood; bureaucrat; house; maestro without baton,カン,,12,N1
管,1365,pipe,bamboo; bureaucrat; house; maestro without baton,カン,くだ,14,N2
父,1366,father,,フ,ちち,4,N5
釜,1367,cauldron,father; metal; gold,フ,かま,10
交,1368,mingle,top hat; father,コウ,まじ.わる; まじ.える; ま.じる; まじ.る; ま.ざる; ま.ぜる; -か.う; か.わす; かわ.す; こもごも,6,N3
効,1369,merit,mingle; top hat; father; power; muscle; arnold,コウ,き.く; ききめ; なら.う,8,N2
較,1370,contrast,car; mingle; top hat; father,カク; コウ,くら.べる,13,N1
校,1371,exam,tree; wood; mingle; top hat; father,コウ; キョウ,,10,N5
足,1372,leg,mouth; mending; mend,ソク,あし; た.りる; た.る; た.す,7,N4
促,1373,stimulate,person; leg; mouth; mending; mend,ソク,うなが.す,9,N1
捉,1374,nab,finger; fingers; leg; mouth; mend,ソク; サク,とら.える,10
距,1375,long-distance,wooden leg; mouth; stop; footprint; giant,キョ,へだ.たる; けづめ,12,N1
路,1376,path,wooden leg; mouth; stop; footprint; each; walking legs; mouth,ロ; ル,-じ; みち,13,N3
露,1377,dew,rain; weather; path; wooden leg; mouth; stop; footprint; each; walking legs; mouth,ロ; ロウ,つゆ,21,N1
跳,1378,hop,wooden leg; mouth; stop; footprint; portent; omen,チョウ,は.ねる; と.ぶ; -と.び,13,N1
躍,1379,leap,wooden leg; mouth; stop; footprint; futon; feathers; wings; turkey,ヤク,おど.る,21,N1
践,1380,tread,wooden leg; mouth; stop; footprint; parade float,セン,ふ.む,13,N1
踏,1381,step,wooden leg; mouth; stop; footprint; wednesday; boots; water; sun; day,トウ,ふ.む; ふ.まえる,15,N1
踪,1382,trail,,ショウ; ソウ,あと,15
骨,1383,skeleton,joint; moon; month; flesh; part of the body,コツ,ほね,10,N2
滑,1384,slippery,water; water droplets; water pistol; skeleton; joint; moon; month; flesh; part of the body,カツ; コツ,すべ.る; なめ.らか,13,N1
髄,1385,marrow,skeleton; joint; moon; month; flesh; part of the body; highwayman; possess; by one’s side; road,ズイ,,19,N1
禍,1386,calamity,altar; jawbone; joint; hood; mouth,カ,わざわい,13,N1
渦,1387,whirlpool,water; water droplets; water pistol; jawbone; joint; hood; mouth,カ,うず,12,N1
鍋,1388,pot,metal; gold; jawbone; joint; hood; mouth,カ,なべ,17
過,1389,overdo,jawbone; joint; hood; mouth; road,カ,す.ぎる; -す.ぎる; -す.ぎ; す.ごす; あやま.つ; あやま.ち; よ.ぎる,12,N3
阪,1390,Heights,heights; pinnacle; parthenon; acropolis; anti-; demonstration; cliff; crotch,ハン,さか,7
阿,1391,Africa,africa; pinnacle; parthenon; acropolis; can; mouth; street; nail; spike,ア; オ,おもね.る,8,N1
際,1392,occasion,pinnacle; parthenon; acropolis; ritual; moon; month; flesh; part of the body; crotch; altar; show; two; small,サイ,きわ; -ぎわ,14,N3
障,1393,hinder,pinnacle; parthenon; acropolis; badge; vase; stand up; sunflower; early; sun; day; ten; needle,ショウ,さわ.る,14,N1
隙,1394,chink,pinnacle; parthenon; acropolis; small; little; sun; day; little,ゲキ; キャク; ケキ,すき; す.く; す.かす; ひま,13
随,1395,follow,pinnacle; parthenon; acropolis; highwayman; possess; by one’s side; moon; month; flesh; part of the body; road,ズイ,まにまに; したが.う,12,N1
陪,1396,auxiliary,obeisance; pinnacle; parthenon; acropolis; muzzle; vase; stand up; mouth,バイ,,11,N1
陽,1397,sunshine,pinnacle; parthenon; acropolis; piggy bank; sun; day; piglets,ヨウ,ひ,12,N3
陳,1398,line up,exhibit; pinnacle; parthenon; acropolis; east; tree; wood; sun; day,チン,ひ.ねる,11,N1
防,1399,ward off,pinnacle; parthenon; acropolis; compass; direction,ボウ,ふせ.ぐ,7,N2
附,1400,affixed,pinnacle; parthenon; acropolis; adhere; sellotape; person; glue,フ,つ.ける; つ.く,8,N1
院,1401,Inst.,pinnacle; parthenon; acropolis; perfect; house; beginnings; two; human legs,イン,,10,N4
陣,1402,camp,pinnacle; parthenon; acropolis; car,ジン,,10,N1
隊,1403,regiment,pinnacle; parthenon; acropolis; animal horns; sow; pig; wart hog; regimental mascot,タイ,,12,N1
墜,1404,crash,regiment; pinnacle; parthenon; acropolis; animal horns; sow; pig; wart hog; regimental mascot; soil; dirt; ground,ツイ,お.ちる; お.つ,15,N1
降,1405,descend,pinnacle; parthenon; acropolis; walking legs; sunglasses with one lens missing; monocle,コウ; ゴ,お.りる; お.ろす; ふ.る; ふ.り; くだ.る; くだ.す,10,N3
階,1406,story,storey; pinnacle; parthenon; acropolis; all; compare; spoon; sitting on the ground; white; dove,カイ,きざはし,12,N2
陛,1407,highness,pinnacle; parthenon; acropolis; compare; spoon; sitting on the ground; soil; dirt; ground,ヘイ,,10,N1
隣,1408,neighboring,neighbouring; pinnacle; parthenon; acropolis; shoeshine; rice; sunglasses; dancing legs; ballerina; evening,リン,とな.る; となり,16,N1
隔,1409,isolate,pinnacle; parthenon; acropolis; tripod; one; ceiling; mouth; hood; human legs; street; nail; spike,カク,へだ.てる; へだ.たる,13,N1
隠,1410,conceal,pinnacle; parthenon; acropolis; hideaway; claw; vulture; broom; heart,イン; オン,かく.す; かく.し; かく.れる; かか.す; よ.る,14,N1
堕,1411,degenerate,pinnacle; parthenon; acropolis; possess; by one’s side; moon; month; flesh; part of the body; ground; soil; dirt; ground,ダ,お.ちる; くず.す; くず.れる,12,N1
陥,1412,collapse,pinnacle; parthenon; acropolis; straight-jacket; bound up; olden times; old days; stick; sun; day,カン,おちい.る; おとしい.れる,10,N1
穴,1413,hole,house; eight,ケツ,あな,5,N1
空,1414,empty,hole; house; human legs; craft,クウ,そら; あ.く; あ.き; あ.ける; から; す.く; す.かす; むな.しい,8,N4
控,1415,withdraw,finger; fingers; empty; sky; hole; house; human legs; craft,コウ,ひか.える; ひか.え,11,N1
突,1416,stab,hole; house; human legs; large; St. Bernard,トツ; カ,つ.く,8,N3
究,1417,research,hole; house; human legs; nine; baseball,キュウ; ク,きわ.める,7,N4
窒,1418,plug up,hole; house; human legs; climax; wall; one; ceiling; elbow; soil; dirt; ground,チツ,,11,N1
窃,1419,stealth,hole; house; human legs; cut; seven; sword; dagger,セツ,ぬす.む; ひそ.か,9,N1
窟,1420,cavern,hole; house; human legs; yield; flag; exit,クツ; コツ,いわや; いはや; あな,13
窪,1421,depression,hole; house; human legs; water; water droplets; water pistol; ivy; square jewel; soil; dirt; ground,ワ; ア,くぼ.む; くぼ.み; くぼ.まる; くぼ,14
搾,1422,squeeze,finger; fingers; tight; hole; house; human legs; saw,サク,しぼ.る,13,N1
窯,1423,kiln,hole; house; human legs; sheep; oven-fire; barbecue,ヨウ,かま,15,N1
窮,1424,hard up,hole; house; human legs; somebody; nose; bow,キュウ; キョウ,きわ.める; きわ.まる; きわ.まり; きわ.み,15,N1
探,1425,grope,finger; fingers; paper punch; Miss World; hole; house; human legs; tree; wood,タン,さぐ.る; さが.す,11,N3
深,1426,deep,water; water droplets; water pistol; paper punch; Miss World; hole; house; human legs; tree; wood,シン,ふか.い; -ぶか.い; ふか.まる; ふか.める; み-,11,N3
丘,1427,hill,axe; one; floor,キュウ,おか,5,N1
岳,1428,Point,point; hill; axe; one; floor; mountain,ガク,たけ,8,N1
兵,1429,soldier,hill; axe; one; floor; animal legs; eight,ヘイ; ヒョウ,つわもの,7,N2
浜,1430,seacoast,water; water droplets; water pistol; soldier; hill; axe; one; floor; animal legs; eight,ヒン,はま,10,N1
糸,1431,thread,spiderman,シ,いと,6,N2
織,1432,weave,thread; spiderman; kazoo; sound; vase; stand up; sun; day; fiesta,ショク; シキ,お.る; お.り; おり; -おり; -お.り,18,N1
繕,1433,darning,thread; spiderman; virtuous; sheep; horns; mouth,ゼン,つくろ.う,18,N1
縮,1434,shrink,thread; spiderman; inn; house; person; hundred; one; ceiling; white; dove,シュク,ちぢ.む; ちぢ.まる; ちぢ.める; ちぢ.れる; ちぢ.らす,17,N1
繁,1435,luxuriant,cleverness; reclining; lying down; mother; breasts; taskmaster; thread; spiderman,ハン,しげ.る; しげ.く,16,N1
縦,1436,vertical,thread; spiderman; accompany; Nelson; column; going; line; horns; mend,ジュウ,たて,16,N1
緻,1437,fine,,チ,こまか.い,16
線,1438,line,thread; spiderman; spring; white; dove; water,セン,すじ,15,N2
綻,1439,come apart at the seams,thread; spiderman; determine; determined; house; mend,タン,ほころ.びる,14
締,1440,tighten,thread; spiderman; sovereign; vase; stand up; apron; crown; towel,テイ,し.まる; し.まり; し.める; -し.め; -じ.め,15,N1
維,1441,fiber,thread; spiderman; turkey,イ,,14,N1
羅,1442,gauze,eye; cross-eyed; net; fibre; thread; spiderman; turkey,ラ,うすもの,19,N1
練,1443,practice,thread; spiderman; east; tree; wood; sun; day,レン,ね.る; ね.り,14,N2
緒,1444,thong,thread; spiderman; someone; puppet; sooty; old man; sun; day,ショ; チョ,お; いとぐち,14,N3
続,1445,continue,thread; spiderman; sell; samurai; crown; human legs,ゾク; ショク; コウ; キョウ,つづ.く; つづ.ける; つぐ.ない,13,N3
絵,1446,picture,thread; spiderman; meeting; one; wall; umbrella; rising cloud; two; elbow; wall,カイ; エ,,12,N3
統,1447,overall,thread; spiderman; allot; infant; toddler; top hat; elbow; human legs,トウ,す.べる; ほび.る,12,N1
絞,1448,strangle,thread; spiderman; mingle; top hat; father,コウ,しぼ.る; し.める; し.まる,12,N1
給,1449,salary,thread; spiderman; fit; meeting; umbrella; one; mouth,キュウ,たま.う; たも.う; -たま.え,12,N3
絡,1450,entwine,thread; spiderman; each; walking legs; mouth,ラク,から.む; から.まる,12,N2
結,1451,tie,thread; spiderman; aerosol; samurai; mouth,ケツ; ケチ,むす.ぶ; ゆ.う; ゆ.わえる,12,N1
終,1452,end,thread; spiderman; winter; walking legs; ice; drop,シュウ,お.わる; -お.わる; おわ.る; お.える; つい; つい.に,11,N4
級,1453,class,thread; spiderman; reach out; outstretched hands,キュウ,,9,N1
紀,1454,chronicle,thread; spiderman; snake; self,キ,,9,N1
紅,1455,crimson,thread; spiderman; craft,コウ; ク,べに; くれない; あか.い,9,N2
納,1456,settlement,thread; spiderman; inside; person; belt,ノウ; ナッ; ナ; ナン; トウ,おさ.める; -おさ.める; おさ.まる,10,N1
紡,1457,spinning,thread; spiderman; compass; direction,ボウ,つむ.ぐ,10,N1
紛,1458,distract,thread; spiderman; part; eight; sword; dagger,フン,まぎ.れる; -まぎ.れ; まぎ.らす; まぎ.らわす; まぎ.らわしい,10,N1
紹,1459,introduce,thread; spiderman; summon; seduce; sword; dagger; mouth,ショウ,,11,N2
経,1460,sutra,thread; spiderman; spool; clod; toilet paper; crotch; soil; dirt; ground,ケイ; キョウ,へ.る; た.つ; たていと; はか.る; のり,11,N3
紳,1461,sire,thread; spiderman; monkey; sun; day; stick,シン,,11,N1
約,1462,promise,thread; spiderman; ladle,ヤク,,9,N3
細,1463,dainty,thread; spiderman; rice field; brains,サイ,ほそ.い; ほそ.る; こま.か; こま.かい,11,N2
累,1464,accumulate,rice field; brains; thread; spiderman,ルイ,,11,N1
索,1465,cord,bishop; cross; ten; needle; crown; thread; spiderman,サク,,10,N1
総,1466,general,thread; spiderman; public; eight; elbows; heart,ソウ,す.べて; すべ.て; ふさ,14,N2
綿,1467,cotton,thread; spiderman; napkin; white; dove; towel,メン,わた,14,N2
絹,1468,silk,thread; spiderman; mouth; moon; month; flesh; part of the body,ケン,きぬ,13,N1
繰,1469,winding,thread; spiderman; furniture; goods; mouth; tree; wood,ソウ,く.る,19,N1
継,1470,inherit,thread; spiderman; rice; fishhook,ケイ,つ.ぐ; まま-,13,N1
緑,1471,green,thread; spiderman; dustpan; broom; grains of rice,リョク; ロク,みどり,14,N2
縁,1472,affinity,thread; spiderman; broom; sow; pig,エン; ネン,ふち; ふちど.る; ゆかり; よすが; へり; えにし,15,N1
網,1473,netting,thread; spiderman; glass jar; hood; horns; one; deceased; perish; top hat; fishhook,モウ,あみ,14,N1
緊,1474,tense,loincloth; retainer; slave; crotch; thread; spiderman,キン,,15,N1
紫,1475,purple,Prince; this here; stop; footprint; spoon; sitting on the ground; thread; spiderman,シ,むらさき,12,N1
縛,1476,truss,thread; spiderman; acupuncturist; specialty; drop; ten; needle; rice field; brains; glue,バク,しば.る,16,N1
縄,1477,straw rope,thread; spiderman; eels; sun; day,ジョウ,なわ; ただ.す,15,N1
幼,1478,infancy,cocoon; power; muscle; arnold,ヨウ,おさな.い,5,N2
後,1479,behind,Nelson; column; going; line; cocoon; walking legs,ゴ; コウ,のち; うし.ろ; うしろ; あと; おく.れる,9,N5
幽,1480,faint,seclude; cocoon; mountain,ユウ; ヨウ,ふか.い; かす.か; くら.い; しろ.い,9,N1
幾,1481,how many,cocoon; person; fiesta,キ,いく-; いく.つ; いく.ら,12,N3
機,1482,mechanism,tree; wood; abacus; how many; cocoon; person; fiesta,キ,はた,16,N3
畿,1483,capital suburbs,cocoon; rice field; brains; fiesta,キ,みやこ,15
玄,1484,mysterious,top hat; cocoon,ゲン,,5,N1
畜,1485,livestock,mysterious; top hat; cocoon; rice field; brains,チク,,10,N2
蓄,1486,amass,flowers; livestock; mysterious; top hat; cocoon; rice field; brains,チク,たくわ.える,13,N1
弦,1487,bowstring,bow; mysterious; top hat; cocoon,ゲン,つる,8,N1
擁,1488,hug,finger; fingers; mysterious; top hat; cocoon; turkey,ヨウ,,16,N1
滋,1489,nourishing,water; water droplets; water pistol; double-mysterious; mothballs; horns; one; cocoon,ジ,,12,N1
慈,1490,mercy,double-mysterious; mothballs; horns; one; cocoon; heart,ジ,いつく.しむ,13,N1
磁,1491,magnet,stone; rock; double-mysterious; mothballs; horns; one; cocoon,ジ,,14,N1
系,1492,lineage,stick; drop; thread; spiderman,ケイ,,7,N1
係,1493,person in charge,person; lineage; drop; thread; spiderman,ケイ,かか.る; かかり; -がかり; かか.わる,9,N3
孫,1494,grandchild,child; lineage; drop; thread; spiderman,ソン,まご,10,N2
懸,1495,suspend,prefecture; eye; fishhook; small; little; lineage; stick; drop; thread; spiderman; heart,ケン; ケ,か.ける; か.かる,20,N1
遜,1496,modest,grandchild; child; lineage; drop; thread; spiderman; road,ソン,したが.う; へりくだ.る; ゆず.る,13
却,1497,instead,gone; soil; dirt; ground; elbow; stamp,キャク,かえ.って; しりぞ.く; しりぞ.ける,7,N1
脚,1498,shins,skids; moon; month; flesh; part of the body; instead; gone; soil; dirt; ground; elbow; stamp,キャク; キャ; カク,あし,11,N1
卸,1499,wholesale,horseshoe; horse; pantomime horse; noon; sign of the horse; stop; footprint; stamp,シャ,おろ.す; おろし; おろ.し,9,N1
御,1500,honorable,Nelson; column; going; line; wholesale; horseshoe; pantomime horse; noon; sign of the horse; stop; footprint; stamp,ギョ; ゴ,おん-; お-; み-,12,N3
服,1501,clothing,moon; month; flesh; part of the body; underpants; stamp; crotch,フク,,8,N4
命,1502,fate,fit; meeting; umbrella; one; mouth; stamp,メイ; ミョウ,いのち,8,N3
令,1503,orders,meeting; chop-seal; hanko,レイ,,5,N2
零,1504,zero,rain; weather; orders; meeting; chop-seal; hanko,レイ,ぜろ; こぼ.す; こぼ.れる,13,N2
齢,1505,age,teeth; tooth; stop; footprint; rice; shovel; orders; meeting; chop-seal; hanko,レイ,よわ.い; とし,17,N2
冷,1506,cool,ice; orders; meeting; chop-seal; hanko,レイ,つめ.たい; ひ.える; ひ.や; ひ.ややか; ひ.やす; ひ.やかす; さ.める; さ.ます,7,N3
領,1507,jurisdiction,orders; meeting; chop-seal; hanko; head; page; one; ceiling; drop; shellfish; clam; oyster; eye; animal legs; eight,リョウ,えり,14,N2
鈴,1508,small bell,metal; gold; orders; meeting; chop-seal; hanko,レイ; リン,すず,13,N1
勇,1509,courage,chop-seal; hanko; male; rice field; brains; power; muscle; arnold,ユウ,いさ.む,9,N2
湧,1510,bubble up,water; water droplets; water pistol; courageous; courage; chop-seal; hanko; male; rice field; brains; power; muscle; arnold,ユウ; ヨウ; ユ,わ.く,12,N1
通,1511,traffic,pogo stick; chop-seal; hanko; utilise; utilize; road,ツウ; ツ,とお.る; とお.り; -とお.り; -どお.り; とお.す; とお.し; -どお.し; かよ.う,10,N4
踊,1512,jump,wooden leg; mouth; stop; footprint; pogo stick; chop-seal; hanko; utilise; utilize,ヨウ,おど.る,14,N2
疑,1513,doubt,spoon; sitting on the ground; dart; drop; heavens; chop-seal; hanko; zoo; critters,ギ,うたが.う,14,N3
擬,1514,mimic,finger; fingers; doubt; spoon; sitting on the ground; dart; drop; heavens; chop-seal; hanko; zoo; critters,ギ,まが.い; もど.き,17,N1
凝,1515,congeal,ice; doubt; spoon; sitting on the ground; dart; drop; heavens; chop-seal; hanko; zoo; critters,ギョウ,こ.る; こ.らす; こご.らす; こご.らせる; こご.る,16,N1
範,1516,pattern,bamboo; car; fingerprint,ハン,,15,N1
犯,1517,crime,pack of wild dogs; fingerprint,ハン; ボン,おか.す,5,N3
氾,1518,widespread,water; water droplets; water pistol; fingerprint,ハン,ひろ.がる,5
厄,1519,unlucky,cliff; fingerprint,ヤク,,4,N1
危,1520,dangerous,bound up; unlucky; cliff; fingerprint,キ,あぶ.ない; あや.うい; あや.ぶむ,6,N3
宛,1521,address,house; mailbox; evening; fingerprint,エン,あ.てる; -あて; -づつ; あたか.も,8
腕,1522,arm,moon; month; flesh; part of the body; address; house; mailbox; evening; fingerprint,ワン,うで,12,N2
苑,1523,garden,flowers; mailbox; evening; fingerprint,エン; オン,その; う.つ,8,N1
怨,1524,grudge,mailbox; evening; fingerprint; heart,エン; オン; ウン,うら.む; うらみ; うら.めしい,9
柳,1525,willow,tree; wood; blown eggs; sign of the hare; receipt; stamp,リュウ,やなぎ,9,N1
卵,1526,egg,sign of the hare; receipt; stamp; drops,ラン,たまご,7,N2
留,1527,detain,receipt; sword; dagger; rice field; brains,リュウ; ル,と.める; と.まる; とど.める; とど.まる; るうぶる,10,N3
瑠,1528,marine blue,king; jewel; ball; detain; receipt; dagger; sword; rice field; brains,ル; リュウ,,14,N1
貿,1529,trade,receipt; sword; dagger; shellfish; clam; oyster; eye; animal legs; eight,ボウ,,12,N2
印,1530,stamp,staples,イン,しるし; -じるし; しる.す,6,N2
臼,1531,mortar,back to back staples,キュウ; グ,うす; うすづ.く,6
毀,1532,break,mortar; soil; dirt; ground; cruise missile; missile; wind; crotch,キ,こぼ.つ; こわ.す; こぼ.れる; こわ.れる; そし.る; やぶ.る,13
興,1533,entertain,staples; same; monks; hood; one; mouth; tool; animal legs; eight,コウ; キョウ,おこ.る; おこ.す,16,N1
酉,1534,sign of the bird,whiskey bottle; west; one,ユウ,とり,7,N1
酒,1535,sake,water; water droplets; water pistol; whiskey bottle,シュ,さけ; さか-,10,N3
酌,1536,bartending,whiskey bottle; ladle,シャク,く.む,10,N1
酎,1537,hooch,whiskey bottle; glue,チュウ; チュ,かも.す,10
酵,1538,fermentation,whiskey bottle; filial piety; old man; child,コウ,,14,N1
酷,1539,cruel,whiskey bottle; revelation; cow; mouth,コク,ひど.い,14,N1
酬,1540,repay,whiskey bottle; state; stream; drop,シュウ; シュ; トウ,むく.いる,13,N1
酪,1541,dairy products,whiskey bottle; each; walking legs; mouth,ラク,,13,N1
酢,1542,vinegar,whiskey bottle; saw,サク,す,12,N1
酔,1543,drunk,whiskey bottle; ninety; nine; baseball; ten; needle,スイ,よ.う; よ.い; よ,11,N1
配,1544,distribute,whiskey bottle; snake; self,ハイ,くば.る,10,N3
酸,1545,acid,whiskey bottle; streetwalker; Ministry of silly walks; John Cleese; license; elbow; human legs; walking legs,サン,す.い,14,N1
猶,1546,waver,furthermore; pack of wild dogs; chieftain; Molotov cocktail; animal horns; whiskey bottle,ユウ; ユ,なお,12,N1
尊,1547,revered,chieftain; Molotov cocktail; animal horns; whiskey bottle; glue,ソン,たっと.い; とうと.い; たっと.ぶ; とうと.ぶ,12,N2
豆,1548,beans,table; one; mouth,トウ; ズ,まめ; まめ-,7,N1
頭,1549,head,beans; table; one; mouth; page; one; ceiling; drop; shellfish; clam; oyster; eye; animal legs; eight,トウ; ズ; ト,あたま; かしら; -がしら; かぶり,16,N3
短,1550,short,dart; drop; heavens; beans; table; one; mouth,タン,みじか.い,12,N2
豊,1551,bountiful,bend; beans; table; one; mouth,ホウ; ブ,ゆた.か; とよ,13,N2
鼓,1552,drum,samurai; beans; table; one; mouth; branch; ten; needle; crotch,コ,つづみ,13,N1
喜,1553,rejoice,drum; samurai; beans; table; one; mouth; mouth,キ,よろこ.ぶ; よろこ.ばす,12,N3
樹,1554,timber-trees,tree; wood; drum; samurai; beans; table; one; mouth; glue,ジュ,き,16,N1
皿,1555,dish,,ベイ,さら,5,N2
血,1556,blood,drop; dish,ケツ,ち,6,N2
盆,1557,basin,part; eight; sword; dagger; dish,ボン,,9,N1
盟,1558,alliance,bright; sun; day; moon; month; flesh; part of the body; dish,メイ,,13,N1
盗,1559,steal,next; ice; lack; yawn; dish,トウ,ぬす.む; ぬす.み,11,N3
温,1560,warm,water; water droplets; water pistol; sun; day; dish,オン,あたた.か; あたた.かい; あたた.まる; あたた.める; ぬく,12,N2
蓋,1561,lid,flowers; gone; soil; dirt; ground; elbow; dish,ガイ; カイ; コウ,ふた; けだ.し; おお.う; かさ; かこう,13
監,1562,oversee,retainer; slave; reclining; lying down; one; floor; dish,カン,,15,N1
濫,1563,overflow,water; water droplets; water pistol; oversee; retainer; slave; reclining; lying down; one; floor; dish,ラン,みだ.りに; みだ.りがましい,18,N1
鑑,1564,specimen,metal; gold; oversee; retainer; slave; reclining; lying down; one; floor; dish,カン,かんが.みる; かがみ,23,N1
藍,1565,indigo,flowers; oversee; retainer; slave; reclining; lying down; one; floor; dish,ラン,あい,18,N1
猛,1566,fierce,pack of wild dogs; child; dish,モウ,,11,N1
盛,1567,boom,turn into; dish,セイ; ジョウ,も.る; さか.る; さか.ん,11,N1
塩,1568,salt,soil; dirt; ground; reclining; lying down; mouth; dish,エン,しお,13,N2
銀,1569,silver,metal; gold,ギン,しろがね,14,N4
恨,1570,resentment,regret; Freud; state of mind; silver,コン,うら.む; うら.めしい,9,N1
根,1571,root,tree; wood; silver,コン,ね; -ね,10,N2
即,1572,instant,silver; stamp,ソク,つ.く; つ.ける; すなわ.ち,7,N1
爵,1573,baron,claw; vulture; net; eye; silver; glue,シャク,,17,N1
節,1574,node,bamboo; instant; silver; stamp,セツ; セチ,ふし; -ぶし; のっと,13,N1
退,1575,retreat,road; silver,タイ,しりぞ.く; しりぞ.ける; ひ.く; の.く; の.ける; ど.く,9,N3
限,1576,limit,pinnacle; parthenon; acropolis; silver,ゲン,かぎ.る; かぎ.り; -かぎ.り,9,N3
眼,1577,eyeball,eye; silver,ガン; ゲン,まなこ; め,11,N1
良,1578,good,drop; silver,リョウ,よ.い; -よ.い; い.い; -い.い,7,N3
朗,1579,melodious,halo; drop; silver; moon; month; flesh; part of the body,ロウ,ほが.らか; あき.らか,10,N1
浪,1580,wandering,water; water droplets; water pistol; halo; drop; silver,ロウ,,10,N1
娘,1581,daughter,woman; halo; drop; silver,ジョウ,むすめ; こ,10,N3
食,1582,eat,food; umbrella; good; halo; drop; silver,ショク; ジキ,く.う; く.らう; た.べる; は.む,9,N5
飯,1583,meal,eat; food; umbrella; good; halo; drop; silver; anti-; demonstration; cliff; crotch,ハン,めし,12,N4
飲,1584,drink,eat; food; umbrella; good; halo; drop; silver; lack; yawn,イン; オン,の.む; -の.み,12,N4
飢,1585,hungry,eat; food; umbrella; good; halo; drop; silver; wind,キ,う.える,10,N1
餓,1586,starve,eat; food; umbrella; good; halo; drop; silver; ego; hand; fiesta,ガ,う.える,15,N1
飾,1587,decorate,eat; food; umbrella; good; halo; drop; silver; reclining; lying down; towel,ショク,かざ.る; かざ.り,13,N1
餌,1588,feed,eat; food; umbrella; good; halo; drop; silver; ear,ジ; ニ,え; えば; えさ; もち,14
館,1589,Bldg.,eat; food; umbrella; good; halo; drop; silver; bureaucrat; house; maestro without baton,カン,やかた; たて,16,N4
餅,1590,mochi,eat; food; umbrella; good; halo; drop; silver; puzzle; horns; two hands,ヘイ; ヒョウ,もち; もちい,14
養,1591,foster,sheep; eat; food; umbrella; good; halo; drop; silver,ヨウ; リョウ,やしな.う,15,N1
飽,1592,sated,eat; food; umbrella; good; halo; drop; silver; wrap; bound up; snake; self,ホウ,あ.きる; あ.かす; あ.く,13,N1
既,1593,previously,silver; waitress,キ,すで.に,10,N1
概,1594,outline,roots; tree; wood; silver; waitress; previously,ガイ,おうむ.ね,14,N1
慨,1595,rue,regret; resentment; Freud; state of mind; silver; waitress; previously,ガイ,,13,N1
平,1596,even,water-lily; lily pad,ヘイ; ビョウ; ヒョウ,たい.ら; -だいら; ひら; ひら-,5,N3
呼,1597,call,mouth; even; water-lily; lily pad; question mark,コ,よ.ぶ,8,N3
坪,1598,two-mat area,soil; dirt; ground; even; water-lily; lily pad,ヘイ,つぼ,8,N1
評,1599,evaluate,say; words; keitai; mouth; even; water-lily; lily pad,ヒョウ,,12,N1
刈,1600,reap,sheaf; sword; sabre; saber,ガイ; カイ,か.る,4,N1
刹,1601,moment,sheaf; tree; wood; sword; sabre; saber,セチ; セツ; サツ,,8
希,1602,hope,sheaf; linen; by one’s side; towel,キ; ケ,まれ,7,N2
凶,1603,villain,sheaf; shovel,キョウ,,4,N1
胸,1604,bosom,moon; month; flesh; part of the body; bound up; villain; sheaf; shovel,キョウ,むね; むな-,10,N2
離,1605,detach,sheik; top hat; villain; sheaf; shovel; belt; elbow; turkey,リ,はな.れる; はな.す,19,N1
璃,1606,crystal,king; jewel; ball; sheik; top hat; villain; sheaf; shovel; belt; elbow,リ,,15,N1
殺,1607,kill,sheaf; tree; wood; cruise missile; missile; wind; crotch,サツ; サイ; セツ,ころ.す; -ごろ.し; そ.ぐ,10,N3
爽,1608,bracing,large; St. Bernard; sheaf,ソウ,あき.らか; さわ.やか; たがう,11,N1
純,1609,genuine,thread; spiderman; earthworm; drop; shovel; fishhook,ジュン,,10,N2
頓,1610,immediate,earthworm; drop; shovel; fishhook; head; page; one; ceiling; drop; shellfish; clam; oyster; eye; animal legs; eight,トン; トツ,にわか.に; とん.と; つまず.く; とみ.に; ぬかずく,13
鈍,1611,dull,metal; gold; earthworm; drop; shovel; fishhook,ドン,にぶ.い; にぶ.る; にぶ-; なま.る; なまく.ら,12,N2
辛,1612,spicy,stand up; vase; ten; needle,シン,から.い; つら.い; -づら.い; かのと,7,N2
辞,1613,resign,tongue; thousand; mouth; spicy; stand up; vase; ten; needle,ジ,や.める; いな.む,13,N3
梓,1614,catalpa,tree; wood; spicy; stand up; vase; ten; needle,シ,あずさ,11,N1
宰,1615,superintend,house; spicy; stand up; vase; ten; needle,サイ,,10,N1
壁,1616,wall,ketchup; flag; mouth; spicy; stand up; vase; ten; needle; soil; dirt; ground,ヘキ,かべ,16,N1
璧,1617,holed gem,,ヘキ,たま,18
避,1618,evade,ketchup; flag; mouth; spicy; stand up; vase; ten; needle; road,ヒ,さ.ける; よ.ける,16,N1
新,1619,new,red pepper; stand up; vase; tree; wood; axe,シン,あたら.しい; あら.た; あら-; にい-,13,N4
薪,1620,firewood,fuel; flowers; new; red pepper; stand up; vase; tree; wood; axe,シン,たきぎ; まき,16,N1
親,1621,parent,red pepper; stand up; vase; tree; wood; see; telescope; eye; human legs,シン,おや; おや-; した.しい; した.しむ,16,N4
幸,1622,happiness,ten; needle; stand up; vase; ten; needle,コウ,さいわ.い; さち; しあわ.せ,8,N3
執,1623,tenacious,happiness; ten; needle; stand up; vase; fat man; musashimaru; nine; baseball; drop,シツ; シュウ,と.る,11,N1
摯,1624,clasp,,シ,いた.る,15
報,1625,report,happiness; ten; needle; stand up; vase; underpants; stamp; crotch,ホウ,むく.いる,12,N3
叫,1626,shout,mouth; cornucopia,キョウ,さけ.ぶ,6,N2
糾,1627,twist,thread; spiderman; cornucopia,キュウ,ただ.す,9,N1
収,1628,income,cornucopia; crotch,シュウ,おさ.める; おさ.まる,4,N3
卑,1629,lowly,Wayne Slob; drop; rice field; brains; cornucopia; ten; needle,ヒ,いや.しい; いや.しむ; いや.しめる,9,N1
碑,1630,tombstone,stone; rock; lowly; Wayne Slob; drop; rice field; brains; cornucopia; ten; needle,ヒ,いしぶみ,14,N1
陸,1631,land,pinnacle; parthenon; acropolis; mini-tractor; rice seedlings; soil; dirt; ground; human legs,リク; ロク,おか,11,N2
睦,1632,intimate,eye; mini-tractor; rice seedlings; soil; dirt; ground; human legs,ボク; モク,むつ.まじい; むつ.む; むつ.ぶ,13,N1
勢,1633,forces,mini-tractor; rice seedlings; soil; dirt; ground; human legs; fat man; musashimaru; round; nine; baseball; drop; power; muscle; arnold,セイ; ゼイ,いきお.い; はずみ,13,N2
熱,1634,heat,mini-tractor; rice seedlings; soil; dirt; ground; human legs; fat man; musashimaru; round; nine; baseball; drop; oven-fire; barbecue,ネツ,あつ.い,15,N3
菱,1635,diamond,flowers; Mao; soil; dirt; ground; human legs; walking legs,リョウ,ひし,11
陵,1636,mausoleum,pinnacle; parthenon; acropolis; Mao; soil; dirt; ground; human legs; walking legs,リョウ,みささぎ,11,N1
亥,1637,sign of the hog,acorn; top hat,ガイ; カイ,い,6,N1
核,1638,nucleus,tree; wood; sign of the hog; acorn; top hat,カク,,10,N1
刻,1639,engrave,sign of the hog; acorn; top hat; sword; sabre; saber,コク,きざ.む; きざ.み,8,N3
該,1640,above-stated,say; words; keitai; mouth; sign of the hog; acorn; top hat,ガイ,,13,N1
骸,1641,remains,skeleton; joint; moon; month; flesh; part of the body; sign of the hog; acorn; top hat,ガイ; カイ,むくろ,16
劾,1642,censure,sign of the hog; acorn; top hat; power; muscle; arnold,ガイ,,8,N1
述,1643,mention,resin; pole; road,ジュツ,の.べる,8,N2
術,1644,art,boulevard; going; resin; pole,ジュツ,すべ,11,N3
寒,1645,cold,Baba Yaga’s hut; house; celery; animal legs; ice,カン,さむ.い,12,N3
塞,1646,block up,Baba Yaga’s hut; house; celery; animal legs; soil; dirt; ground,ソク; サイ,ふさ.ぐ; とりで; み.ちる,13
醸,1647,brew,whiskey bottle; grass skirt; top hat; eight; six; animal legs; celery; scarf,ジョウ,かも.す,20,N1
譲,1648,defer,say; words; keitai; mouth; grass skirt; top hat; eight; six; animal legs; celery; scarf,ジョウ,ゆず.る,20,N1
壌,1649,lot,soil; dirt; ground; grass skirt; top hat; eight; six; animal legs; celery; scarf,ジョウ,つち,16,N1
嬢,1650,lass,woman; grass skirt; top hat; eight; six; animal legs; celery; scarf,ジョウ,むすめ,16,N1
毒,1651,poison,grow up; mother; breasts,ドク,,8,N2
素,1652,elementary,grow up; thread; spiderman,ソ; ス,もと,10,N1
麦,1653,barley,grow up; walking legs,バク,むぎ,7,N2
青,1654,blue,grow up; moon; flesh,セイ; ショウ,あお; あお-; あお.い,8,N4
精,1655,refined,rice; blue; grow up; moon; flesh,セイ; ショウ; シヤウ,,14,N3
請,1656,solicit,say; words; keitai; mouth; blue; grow up; moon; flesh,セイ; シン; ショウ,こ.う; う.ける,15,N1
情,1657,feelings,Freud; state of mind; blue; grow up; moon; flesh,ジョウ; セイ,なさ.け,11,N3
晴,1658,clear up,sun; day; blue; grow up; moon; flesh,セイ,は.れる; は.れ; は.れ-; -ば.れ; は.らす,12,N3
清,1659,pure,water; water droplets; water pistol; blue; grow up; moon; flesh,セイ; ショウ; シン,きよ.い; きよ.まる; きよ.める,11,N2
静,1660,quiet,blue; grow up; moon; flesh; contend; bound up; rake,セイ; ジョウ,しず-; しず.か; しず.まる; しず.める,14,N3
責,1661,blame,grow up; shellfish; clam; oyster; eye; animal legs; eight,セキ,せ.める,11,N3
績,1662,exploits,thread; spiderman; blame; grow up; shellfish; clam; oyster; eye; animal legs; eight,セキ,,17,N2
積,1663,volume,wheat; cereal; blame; grow up; shellfish; clam; oyster; eye; animal legs; eight,セキ,つ.む; -づ.み; つ.もる; つ.もり,16,N3
債,1664,bond,person; blame; grow up; shellfish; clam; oyster; eye; animal legs; eight,サイ,,13,N1
漬,1665,pickling,water; water droplets; water pistol; blame; grow up; shellfish; clam; oyster; eye; animal legs; eight,シ,つ.ける; つ.かる; -づ.け; -づけ,14,N1
表,1666,surface,grow up; scarf,ヒョウ,おもて; -おもて; あらわ.す; あらわ.れる; あら.わす,8,N3
俵,1667,bag,person; surface; grow up; scarf,ヒョウ,たわら,10,N1
潔,1668,undefiled,water; water droplets; water pistol; flick knife; grow up; sword; dagger; thread; spiderman,ケツ,いさぎよ.い,15,N1
契,1669,pledge,flick knife; grow up; dagger; large; St. Bernard,ケイ,ちぎ.る,9,N1
喫,1670,consume,mouth; pledge; flick knife; grow up; dagger; large; St. Bernard,キツ,,12,N2
害,1671,harm,mansion; house; grow up; mouth,ガイ,,10,N3
轄,1672,control,car; harm; mansion; house; grow up; mouth,カツ,くさび,17,N1
割,1673,proportion,harm; mansion; house; grow up; mouth; sword; sabre; saber,カツ,わ.る; わり; わ.り; わ.れる; さ.く,12,N3
憲,1674,constitution,mansion; house; grow up; eye; cross-eyed; net; heart,ケン,,16,N1
生,1675,life,This is Your Life; cell; drop; grow up,セイ; ショウ,い.きる; い.かす; い.ける; う.まれる; う.まれ; うまれ; う.む; お.う; は.える; は.やす; き; なま; なま-; な.る; な.す; む.す; -う,5,N5
星,1676,star,sun; day; life; This is Your Life; cell; drop; grow up,セイ; ショウ,ほし; -ぼし,9,N2
醒,1677,awakening,whiskey bottle; star; sun; day; life; This is Your Life; cell; drop; grow up,セイ,さ.ます; さ.める,16
姓,1678,surname,woman; life; This is Your Life; cell; drop; grow up,セイ; ショウ,,8,N2
性,1679,sex,Freud; state of mind; life; This is Your Life; cell; drop; grow up,セイ; ショウ,さが,8,N3
牲,1680,animal sacrifice,cow; life; This is Your Life; cell; drop; grow up,セイ,,9,N1
産,1681,products,vase; stand up; cliff; life; This is Your Life; cell; drop; grow up,サン,う.む; う.まれる; うぶ-; む.す,11,N3
隆,1682,hump,pinnacle; parthenon; acropolis; walking legs; life; This is Your Life; cell; drop; grow up,リュウ,,11,N1
峰,1683,summit,mountain; Segway; Macbeth; walking legs; bushes,ホウ,みね; ね,10,N1
蜂,1684,bee,insect; Segway; Macbeth; walking legs; bushes,ホウ,はち,13
縫,1685,sew,thread; spiderman; tryst; Segway; Macbeth; walking legs; bushes; road,ホウ,ぬ.う,16,N1
拝,1686,worship,finger; fingers; one; ceiling; bushes,ハイ,おが.む; おろが.む,8,N2
寿,1687,longevity,bushes; glue,ジュ; ス; シュウ,ことぶき; ことぶ.く; ことほ.ぐ,7
鋳,1688,casting,metal; gold; longevity; bushes; glue,チュウ; イ; シュ; シュウ,い.る,15,N1
籍,1689,enroll,bamboo; christmas tree; wood; once upon a time; storyteller,セキ,,20,N2
春,1690,springtime,bonsai; sun; day,シュン,はる,9,N4
椿,1691,camellia,tree; wood; springtime; bonsai; sun; day,チン; チュン,つばき,13,N1
泰,1692,peaceful,bonsai; grains of rice,タイ,,10,N1
奏,1693,play music,bonsai; heavens,ソウ,かな.でる,9,N1
実,1694,reality,house; bonsai,ジツ; シツ,み; みの.る; まこと; まことに; みの; みち.る,8,N3
奉,1695,dedicate,observance; bonsai; cornstalk,ホウ; ブ,たてまつ.る; まつ.る; ほう.ずる,8,N1
俸,1696,stipend,person; observance; dedicate; bonsai; cornstalk,ホウ,,10,N1
棒,1697,rod,tree; wood; observance; dedicate; bonsai; cornstalk,ボウ,,12,N2
謹,1698,discreet,say; words; keitai; mouth; cabbage; flowers; mouth; grow up,キン,つつし.む,17,N1
僅,1699,trifle,person; cabbage; flowers; mouth; grow up,キン; ゴン,わずか,12
勤,1700,diligence,cabbage; flowers; mouth; grow up; power; muscle; arnold,キン; ゴン,つと.める; -づと.め; つと.まる; いそ.しむ,12,N3
漢,1701,Sino-,sino; water; water droplets; water pistol; scarecrow; flowers; mouth; husband,カン,,13,N4
嘆,1702,sigh,mouth; scarecrow; flowers; mouth; husband,タン,なげ.く; なげ.かわしい,13,N1
難,1703,difficult,scarecrow; flowers; mouth; husband; turkey,ナン,かた.い; -がた.い; むずか.しい; むづか.しい; むつか.しい; -にく.い,18,N3
華,1704,splendor,flowers; silage; ten; needle,カ; ケ,はな,10,N1
垂,1705,droop,drop; silage; walking cane; stick; one; floor,スイ,た.れる; た.らす; た.れ; -た.れ; なんなんと.す,8,N1
唾,1706,saliva,mouth; droop; drop; silage; one; floor,ダ; タ,つば; つばき,11
睡,1707,drowsy,eye; droop; drop; silage; walking cane; stick; one; floor,スイ,,13,N1
錘,1708,spindle,metal; gold; droop; drop; silage; walking cane; stick; one; floor,スイ,つむ; おもり,16,N1
乗,1709,ride,wheat; cereal; silage,ジョウ; ショウ,の.る; -の.り; の.せる,9,N3
剰,1710,surplus,ride; wheat; cereal; silage; sword; sabre; saber,ジョウ,あまつさえ; あま.り; あま.る,11,N1
今,1711,now,meeting; umbrella; one,コン; キン,いま,4,N5
含,1712,include,now; clock; mouth,ガン,ふく.む; ふく.める,7,N2
貪,1713,covet,,タン; トン,むさぼ.る,11
吟,1714,versify,mouth; now; clock,ギン,,7,N1
念,1715,wish,now; clock; heart,ネン,,8,N3
捻,1716,wrench,finger; fingers; wish; wishbone; now; clock; heart,ネン; ジョウ,ね.じる; ねじ.る; ひね.くる; ひね.る,11
琴,1717,harp,king; jewel; ball; now; clock,キン,こと,12,N1
陰,1718,shade,pinnacle; parthenon; acropolis; now; clock; rising cloud; two; elbow; wall,イン,かげ; かげ.る,11,N1
予,1719,beforehand,halberd with stroke missing,ヨ; シャ,あらかじ.め,4,N3
序,1720,preface,cave; beforehand,ジョ,つい.で; ついで,7,N1
預,1721,deposit,beforehand; head; page; one; ceiling; drop; shellfish; clam; oyster; eye; animal legs; eight,ヨ,あず.ける; あず.かる,13,N2
野,1722,plains,computer; beforehand,ヤ; ショ,の; の-,11,N4
兼,1723,concurrently,animal horns; rake; stick,ケン,か.ねる; -か.ねる,10,N1
嫌,1724,dislike,woman; concurrently; animal horns; rake,ケン; ゲン,きら.う; きら.い; いや,13,N1
鎌,1725,sickle,metal; gold; concurrently; animal horns; rake,レン; ケン,かま,18,N1
謙,1726,self-effacing,say; words; keitai; mouth; concurrently; animal horns; rake,ケン,,17,N1
廉,1727,bargain,cave; concurrently; animal horns; rake,レン,,13,N1
西,1728,west,one; four,セイ; サイ; ス,にし,6,N5
価,1729,value,person; old west,カ; ケ,あたい,8,N1
要,1730,need,old west; woman,ヨウ,い.る,9,N3
腰,1731,loins,moon; month; flesh; part of the body; need; old west; woman,ヨウ,こし,13,N2
票,1732,ballot,old west; altar; show; two; small,ヒョウ,,11,N1
漂,1733,drift,water; water droplets; water pistol; ballot; old west; altar; show; two; small,ヒョウ,ただよ.う,14,N1
標,1734,signpost,tree; wood; ballot; old west; altar; show; two; small,ヒョウ,しるべ; しるし,15,N1
栗,1735,chestnut,old west; tree; wood,リツ; リ,くり; おののく,10,N1
慄,1736,shudder,,リツ,おそ.れる; おのの.く; ふる.える,13
遷,1737,transition,old west; large; St. Bernard; snake; self; road,セン,うつ.る; うつ.す; みやこがえ,15,N1
覆,1738,capsize,old west; restore; Nelson; column; going; line; fold back; double back; reclining; lying down; sun; day; walking legs,フク,おお.う; くつがえ.す; くつがえ.る,18,N1
煙,1739,smoke,hearth fire; old west; soil; dirt; ground,エン,けむ.る; けむり; けむ.い,13,N3
南,1740,south,ten; needle; belt; happiness; ten; needle; stand up; vase,ナン; ナ,みなみ,9,N5
楠,1741,camphor tree,tree; wood; south; ten; needle; belt; happiness; ten; needle; stand up; vase,ナン; ダン; ゼン; ネン,くす; くすのき,13,N1
献,1742,offering,south; ten; needle; belt; happiness; ten; needle; stand up; vase; chihuahua; dog; large; drop,ケン; コン,たてまつ.る,13,N1
門,1743,gates,,モン,かど; と,8,N2
問,1744,question,gates; mouth,モン,と.う; と.い; とん,11,N4
閲,1745,review,gates; devil; horns; elder brother; teenager; mouth; human legs,エツ,けみ.する,15,N1
閥,1746,clique,gates; fell; person; fiesta,バツ,,14,N1
間,1747,interval,gates; sun; day,カン; ケン,あいだ; ま; あい,12,N5
闇,1748,pitch dark,gates; sound; vase; stand up; sun; day,アン; オン,やみ; くら.い,17
簡,1749,simplicity,bamboo; interval; gates; sun; day,カン,,18,N2
開,1750,open,gates; two hands,カイ,ひら.く; ひら.き; -びら.き; ひら.ける; あ.く; あ.ける,12,N4
閉,1751,closed,gates; genie,ヘイ,と.じる; と.ざす; し.める; し.まる; た.てる,11,N3
閣,1752,tower,gates; each; walking legs; mouth,カク,,14,N1
閑,1753,leisure,gates; tree; wood,カン,,12,N1
聞,1754,hear,gates; ear,ブン; モン,き.く; き.こえる,14,N5
潤,1755,wet,water; water droplets; water pistol; intercalate; gates; king; jewel; ball,ジュン,うるお.う; うるお.す; うる.む,15,N1
欄,1756,column,tree; wood; gates; east; tree; wood; sun; day,ラン,てすり,20,N1
闘,1757,fight,gates; beans; table; one; mouth; glue,トウ,たたか.う; あらそ.う,18,N1
倉,1758,godown,meeting; single gate; umbrella; stable door; mouth,ソウ,くら,10,N1
創,1759,genesis,godown; meeting; single gate; umbrella; stable door; mouth; sword; sabre; saber,ソウ; ショウ,つく.る; はじ.める; きず; けず.しける,12,N1
非,1760,un-,jail cell; prison bars,ヒ,あら.ず,8,N3
俳,1761,haiku,person; un-; jail cell; prison bars,ハイ,,10,N1
排,1762,repudiate,finger; fingers; un-; jail cell; prison bars,ハイ,,11,N1
悲,1763,sad,un-; jail cell; prison bars; heart,ヒ,かな.しい; かな.しむ,12,N3
罪,1764,guilt,eye; cross-eyed; net; un-; jail cell; prison bars,ザイ,つみ,13,N3
輩,1765,comrade,un-; jail cell; prison bars; car,ハイ,ともがら; -ばら; やかい; やから,15,N1
扉,1766,front door,door; one; ceiling; flag; un-; jail cell; prison bars,ヒ,とびら,12,N1
侯,1767,marquis,person; key; dart; drop; heavens,コウ,,9,N1
喉,1768,throat,mouth; marquis; person; key; dart; drop; heavens,コウ,のど,12
候,1769,climate,marquis; person; stick; fred astaire; key; dart; drop; heavens,コウ,そうろう,10,N3
決,1770,decide,water; water droplets; water pistol; guillotine; key; St. Bernard,ケツ,き.める; -ぎ.め; き.まる; さ.く,7,N3
快,1771,cheerful,Freud; state of mind; guillotine; key; St. Bernard,カイ,こころよ.い,7,N2
偉,1772,admirable,person; locket; stick; key; mouth; monocle; sunglasses with one lens missing,イ,えら.い,12,N3
違,1773,difference,locket; stick; key; mouth; monocle; sunglasses with one lens missing; road,イ,ちが.う; ちが.い; ちが.える; -ちが.える; たが.う; たが.える,13,N3
緯,1774,horizontal,thread; spiderman; locket; stick; key; mouth; monocle; sunglasses with one lens missing,イ,よこいと; ぬき,16,N1
衛,1775,defense,defence; boulevard; going; locket; stick; key; mouth; monocle; sunglasses with one lens missing,エイ; エ,,16,N1
韓,1776,Korea,korea; mist; ten; needle; early; sun; day; locket; stick; key; mouth; monocle; sunglasses with one lens missing,カン,から; いげた,18
干,1777,dry,clothesline,カン,ほ.す; ほ.し-; -ぼ.し; ひ.る,3,N2
肝,1778,liver,moon; month; flesh; part of the body; dry; clothesline,カン,きも,7,N1
刊,1779,publish,dry; clothesline; sword; sabre; saber,カン,,5,N2
汗,1780,sweat,water; water droplets; water pistol; dry; clothesline,カン,あせ,6,N2
軒,1781,flats,car; dry; clothesline,ケン,のき,10,N2
岸,1782,beach,mountain; cliff; dry; clothesline,ガン,きし,8,N2
幹,1783,tree trunk,mist; ten; needle; early; sun; day; umbrella; dry; clothesline,カン,みき,13,N1
芋,1784,potato,flowers,ウ,いも,6,N1
宇,1785,eaves,house; potato,ウ,,6,N2
余,1786,too much,umbrella; potato; small,ヨ,あま.る; あま.り; あま.す; あんま.り,7,N3
除,1787,exclude,pinnacle; parthenon; acropolis; scales; too much; umbrella; potato; small,ジョ; ジ,のぞ.く; -よ.け,10,N3
徐,1788,gradually,Nelson; column; going; line; scales; too much; umbrella; potato; small,ジョ,おもむ.ろに,10,N1
叙,1789,confer,scales; too much; umbrella; potato; small; crotch,ジョ,つい.ず; ついで,9,N1
途,1790,route,scales; too much; umbrella; potato; small; road,ト,みち,10,N3
斜,1791,diagonal,scales; too much; umbrella; potato; small; mmeasuring cup; big dipper; The Plough; drop; ten; needle,シャ,なな.め; はす,11,N1
塗,1792,paint,water; water droplets; water pistol; scales; too much; umbrella; potato; small; soil; dirt; ground,ト,ぬ.る; ぬ.り; まみ.れる,13,N2
束,1793,bundle,Chaplin; tree; wood; mouth,ソク,たば; たば.ねる; つか; つか.ねる,7,N3
頼,1794,trust,bundle; Chaplin; tree; wood; mouth; head; page; one; ceiling; drop; shellfish; clam; oyster; eye; animal legs; eight,ライ,たの.む; たの.もしい; たよ.る,16,N3
瀬,1795,rapids,water; water droplets; water pistol; trust; bundle; Chaplin; tree; wood; mouth; head; page; one; ceiling; drop; shellfish; clam; oyster; eye; animal legs; eight,ライ,せ,19,N1
勅,1796,imperial order,bundle; Chaplin; tree; wood; mouth; power; muscle; arnold,チョク,いまし.める; みことのり,9,N1
疎,1797,alienate,zoo; critters; stop; footprint; bundle; Chaplin; tree; wood; mouth,ソ; ショ,うと.い; うと.む; まば.ら,12,N1
辣,1798,bitter,,ラツ,から.い,14
速,1799,quick,bundle; Chaplin; tree; wood; mouth; road,ソク,はや.い; はや-; はや.める; すみ.やか,10,N3
整,1800,organize,organise; bundle; Chaplin; tree; wood; mouth; taskmaster; correct; one; ceiling; stop; footprint,セイ,ととの.える; ととの.う,16,N1
剣,1801,saber,sabre; awl; fit; meeting; umbrella; mouth; person; sword; sabre,ケン,つるぎ,10,N1
険,1802,precipitous,pinnacle; parthenon; acropolis; awl; fit; meeting; umbrella; mouth; person,ケン,けわ.しい,11,N3
検,1803,examination,tree; wood; awl; fit; meeting; umbrella; mouth; person,ケン,しら.べる,12,N1
倹,1804,frugal,person; awl; fit; meeting; umbrella; mouth; person,ケン,つま.しい; つづまやか,10,N1
重,1805,heavy,thousand; computer; rice field; brains; soil; dirt; ground,ジュウ; チョウ,え; おも.い; おも.り; おも.なう; かさ.ねる; かさ.なる; おも,9,N4
動,1806,move,heavy; thousand; ri; computer; power; muscle; arnold,ドウ,うご.く; うご.かす,11,N4
腫,1807,tumor,tumour; moon; month; flesh; part of the body; heavy; thousand; ri; computer,シュ; ショウ,は.れる; は.れ; は.らす; く.む; はれもの,13
勲,1808,meritorious deed,move; heavy; thousand; ri; computer; power; muscle; arnold; oven-fire; barbecue,クン,いさお,15,N1
働,1809,work,person; move; heavy; thousand; ri; computer; power; muscle; arnold,ドウ; リュク; リキ; ロク; リョク,はたら.く,13,N3
種,1810,species,wheat; cereal; heavy; thousand; ri; computer,シュ,たね; -ぐさ,14,N3
衝,1811,collide,boulevard; going; heavy; thousand; ri; computer,ショウ,つ.く,15,N1
薫,1812,fragrant,flowers; heavy; thousand; ri; computer; oven-fire; barbecue,クン,かお.る,16,N1
病,1813,ill,sickness; hospital; third class; one; ceiling; inside,ビョウ; ヘイ,や.む; -や.み; やまい,10,N4
痴,1814,stupid,sickness; hospital; know; dart; drop; heavens; mouth,チ,し.れる; おろか,13,N1
痘,1815,pox,sickness; hospital; beans; table; one; mouth,トウ,,12,N1
症,1816,symptoms,sickness; hospital; correct; one; ceiling; stop; footprint,ショウ,,10,N1
瘍,1817,carbuncle,,ヨウ,かさ,14
痩,1818,lose weight,sickness; hospital; Buddha’s hand; monkey; sun; day; stick; crotch,ソウ; チュウ; シュウ; シュ,や.せる,12
疾,1819,rapidly,sickness; hospital; dart; drop; heavens,シツ,はや.い,10,N1
嫉,1820,envy,woman; rapidly; sickness; hospital; dart; drop; heavens,シツ,そね.む; ねた.む; にく.む,13
痢,1821,diarrhea,sickness; hospital; profit; wheat; cereal; sword; sabre; saber,リ,,12,N1
痕,1822,scar,sickness; hospital; silver,コン,あと,11
疲,1823,tired,exhausted; sickness; hospital; pelt; branch; ten; needle; crotch; hook,ヒ,つか.れる; -づか.れ; つか.らす,10,N3
疫,1824,epidemic,sickness; hospital; cruise missile; missile; wind; crotch,エキ; ヤク,,9,N1
痛,1825,pain,sickness; hospital; pogo stick; chop-seal; hanko; utilise; utilize,ツウ,いた.い; いた.む; いた.ましい; いた.める,12,N3
癖,1826,mannerism,sickness; hospital; ketchup; flag; mouth; spicy; stand up; vase; ten; needle,ヘキ,くせ; くせ.に,18,N1
匿,1827,hide,box; young; flowers; right; by one’s side; mouth,トク,かくま.う,10,N1
匠,1828,artisan,box; axe,ショウ,たくみ,6,N1
医,1829,doctor,box; dart; drop; heavens,イ,い.やす; い.する; くすし,7,N4
匹,1830,equal,box; human legs,ヒツ,ひき,4,N2
区,1831,ward,box; sheaf,ク; オウ; コウ,,4,N2
枢,1832,hinge,tree; wood; ward; box; sheaf,スウ; シュ,とぼそ; からくり,8,N1
殴,1833,assault,ward; box; sheaf; missile; cruise missile; wind; crotch,オウ,なぐ.る,8,N1
欧,1834,Europe,europe; ward; box; sheaf; lack; yawn,オウ,うた.う; は.く,8,N2
抑,1835,repress,finger; fingers; stamp album; box; stamps,ヨク,おさ.える,7,N1
仰,1836,faceup,face up; person; stamp album; box; stamps,ギョウ; コウ,あお.ぐ; おお.せ; お.っしゃる; おっしゃ.る,6,N1
迎,1837,welcome,stamp album; box; stamps; road,ゲイ,むか.える,7,N3
登,1838,ascend,teepee; wigwam; beans; table; one; mouth,トウ; ト; ドウ; ショウ; チョウ,のぼ.る; あ.がる,12,N3
澄,1839,lucidity,water; water droplets; water pistol; ascend; teepee; wigwam; beans; table; one; mouth,チョウ,す.む; す.ます; -す.ます,15,N1
発,1840,discharge,teepee; wigwam; two; human legs,ハツ; ホツ,た.つ; あば.く; おこ.る; つか.わす; はな.つ,9,N4
廃,1841,abolish,cave; dicharge; teepee; wigwam; two; human legs,ハイ,すた.れる; すた.る,12,N1
僚,1842,colleague,person; pup tent; large; St. Bernard; sun; day; small; little,リョウ,,14,N1
瞭,1843,obvious,eye; pup tent; large; St. Bernard; sun; day; small; little,リョウ,あきらか,17,N1
寮,1844,dormitory,house; pup tent; large; St. Bernard; sun; day; small; little,リョウ,,15,N1
療,1845,heal,sickness; hospital; pup tent; large; St. Bernard; sun; day; small; little,リョウ,,17,N2
彫,1846,carve,circumference; running track; glass hood; earthenware jar; lidded crock; soil; dirt; ground; mouth; shape,チョウ,ほ.る; -ぼ.り,11,N1
形,1847,shape,two hands,ケイ; ギョウ,かた; -がた; かたち; なり,7,N3
影,1848,shadow,scenery; sun; day; capital; tall; top hat; mouth; small; little; shape,エイ,かげ,15,N1
杉,1849,cedar,tree; wood; shape,サン,すぎ,7,N1
彩,1850,coloring,claw; vulture; grab; tree; wood; shape,サイ,いろど.る,11,N1
彰,1851,patent,badge; vase; stand up; sunflower; early; sun; day; ten; needle; shape,ショウ,,14,N1
彦,1852,lad,vase; stand up; cliff; shape,ゲン,ひこ,9,N1
顔,1853,face,lad; vase; stand up; cliff; shape; head; page; one; ceiling; drop; shellfish; clam; oyster; eye; animal legs; eight,ガン,かお,18,N3
須,1854,ought,shape; head; page; one; ceiling; drop; shellfish; clam; oyster; eye; animal legs; eight,ス; シュ,すべから.く; すべし; ひげ; まつ; もち.いる; もと.める,12,N1
膨,1855,swell,moon; month; flesh; part of the body; drum; samurai; beans; table; one; mouth; shape,ボウ,ふく.らむ; ふく.れる,16,N1
参,1856,visit,nonplussed; elbow; large; St. Bernard; shape,サン; シン,まい.る; まい-; まじわる; みつ,8,N3
惨,1857,wretched,Freud; state of mind; nonplussed; visit; elbow; large; St. Bernard; shape,サン; ザン,みじ.め; いた.む; むご.い,11,N1
修,1858,discipline,person; stick; fred astaire; taskmaster; shape,シュウ; シュ,おさ.める; おさ.まる,10,N1
珍,1859,rare,king; jewel; ball; parasol; umbrella; shape,チン,めずら.しい; たから,9,N2
診,1860,checkup,check up; say; words; keitai; mouth; parasol; umbrella; shape,シン,み.る,12,N1
文,1861,sentence,plaid; kilt; Billy Connolly,ブン; モン,ふみ; あや,4,N4
対,1862,vis-a-vis,sentence; plaid; kilt; Billy Connolly; glue,タイ; ツイ,あいて; こた.える; そろ.い; つれあ.い; なら.ぶ; むか.う,7,N3
紋,1863,family crest,thread; spiderman; sentence; plaid; kilt; Billy Connolly,モン,,10,N1
蚊,1864,mosquito,insect; sentence; sentence; plaid; kilt; Billy Connolly,ブン,か,10,N1
斑,1865,speckled,king; jewel; ball; sentence; plaid; kilt; Billy Connolly,ハン,ふ; まだら,12
斉,1866,adjusted,sentence; plaid; kilt; Billy Connolly; two; fenceposts; cabers,セイ; サイ,そろ.う; ひと.しい; ひと.しく; あたる; はやい,8,N1
剤,1867,dose,adjust; adjusted; sentence; plaid; kilt; Billy Connolly; two; fenceposts; cabers; sword; sabre; saber,ザイ; スイ; セイ,かる; けず.る,10,N1
済,1868,finish,water; water droplets; water pistol; adjust; adjusted; sentence; plaid; kilt; Billy Connolly; two; fenceposts; cabers,サイ; セイ,す.む; -ず.み; -ずみ; す.まない; す.ます; -す.ます; すく.う; な.す; わたし; わた.る,11,N3
斎,1869,purification,sentence; plaid; kilt; Billy Connolly; fenceposts; cabers; altar; show; two; small,サイ,とき; つつし.む; ものいみ; い.む; いわ.う; いつ.く,11,N1
粛,1870,solemn,rake; fenceposts; cabers; rice,シュク; スク,つつし.む,11,N1
塁,1871,bases,rice field; brains; sparkler; soil; dirt; ground,ルイ; ライ; スイ,とりで,12,N1
楽,1872,music,white; dove; sparkler; tree; wood,ガク; ラク; ゴウ,たの.しい; たの.しむ; この.む,13,N4
薬,1873,medicine,flowers; music; white; dove; sparkler; tree; wood,ヤク,くすり,16,N3
率,1874,ratio,mysterious; question mark; top hat; cocoon; sparkler; ten; needle,ソツ; リツ; シュツ,ひき.いる,11,N1
渋,1875,astringent,water; water droplets; water pistol; stop; footprint; sparkler,ジュウ; シュウ,しぶ; しぶ.い; しぶ.る,11,N1
摂,1876,vicarious,finger; fingers; ear; sparkler,セツ; ショウ,おさ.める; かね.る; と.る,13,N1
央,1877,center,large; St. Bernard; box body,オウ,,5,N2
英,1878,England,flowers; centre; center; large; St. Bernard,エイ,はなぶさ,8,N4
映,1879,reflect,sun; day; centre; center; large; St. Bernard,エイ,うつ.る; うつ.す; は.える; -ば.え,9,N4
赤,1880,red,soil; dirt; ground; sword; dagger; small,セキ; シャク,あか; あか-; あか.い; あか.らむ; あか.らめる,7,N4
赦,1881,pardon,red; taskmaster,シャ,,11,N1
変,1882,unusual,apple; walking legs,ヘン,か.わる; か.わり; か.える,9,N3
跡,1883,tracks,wooden leg; mouth; stop; footprint; apple,セキ,あと,13,N2
蛮,1884,barbarian,apple; insect,バン,えびす,12,N1
恋,1885,romance,apple; heart,レン,こ.う; こい; こい.しい,10,N2
湾,1886,gulf,water; water droplets; water pistol; apple; bow,ワン,いりえ,12,N2
黄,1887,yellow,salad; sprout; shoot; animal legs; eight,コウ; オウ,き; こ-,11,N2
横,1888,sideways,tree; wood; yellow; salad; sprout; shoot; animal legs; eight,オウ,よこ,15,N3
把,1889,grasp,finger; fingers; mosaic,ハ; ワ,,7,N1
色,1890,color,bound up; mosaic,ショク; シキ,いろ,6,N4
絶,1891,discontinue,thread; spiderman; colour; color; bound up; mosaic,ゼツ,た.える; た.やす; た.つ,12,N3
艶,1892,glossy,bountiful; bend; beans; table; one; mouth; colour; color; bound up; mosaic,エン,つや; なま.めかしい; あで.やか; つや.めく; なま.めく,19,N1
肥,1893,fertilizer,moon; month; flesh; part of the body; mosaic,ヒ,こ.える; こえ; こ.やす; こ.やし; ふと.る,8,N1
甘,1894,sweet,wicker basket; picnic basket,カン,あま.い; あま.える; あま.やかす; うま.い,5,N2
紺,1895,navy blue,thread; spiderman; sweet; wicker basket; picnic basket,コン,,11,N1
某,1896,so-and-so,sweet; wicker basket; picnic basket; tree; wood,ボウ,それがし; なにがし,9,N1
謀,1897,conspire,say; words; keitai; mouth; so-and-so; sweet; wicker basket; picnic basket; tree; wood,ボウ; ム,はか.る; たばか.る; はかりごと,16,N1
媒,1898,mediator,woman; so-and-so; sweet; wicker basket; picnic basket; tree; wood,バイ,なこうど,12,N1
欺,1899,deceit,bushel basket; hamper; animal legs; eight; lack; yawn,ギ,あざむ.く,12,N1
棋,1900,chess piece,tree; wood; bushel basket; hamper; animal legs; eight,キ,ご,12,N1
旗,1901,national flag,banner; compass; direction reclining; lying down; bushel basket; hamper; animal legs; eight,キ,はた,14,N1
期,1902,period,bushel basket; hamper; animal legs; eight; moon; month; flesh; part of the body,キ; ゴ,,12,N3
碁,1903,Go,go; bushel basket; hamper; animal legs; eight; stone; rock,ゴ,,13,N1
基,1904,fundamentals,bushel basket; hamper; animal legs; eight; soil; dirt; ground,キ,もと; もとい,11,N1
甚,1905,tremendously,bushel basket; hamper; equal; human legs,ジン,はなは.だ; はなは.だしい,9,N1
勘,1906,intuition,tremendously; bushel basket; hamper; equal; human legs; power; muscle; arnold,カン,,11,N1
堪,1907,withstand,soil; dirt; ground; tremendously; bushel basket; hamper; equal; human legs,カン; タン,た.える; たま.る; こ.らえる; こた.える,12,N1
貴,1908,precious,Takanohana; purse; in; one; floor; shellfish; clam; oyster; eye; animal legs; eight,キ,たっと.い; とうと.い; たっと.ぶ; とうと.ぶ,12,N1
遺,1909,bequeath,precious; Takanohana; purse; in; one; floor; shellfish; clam; oyster; eye; animal legs; eight; road,イ; ユイ,のこ.す,15,N1
遣,1910,dispatch,purse; in; one; floor; maestro without baton; road,ケン,つか.う; -つか.い; -づか.い; つか.わす; や.る,13,N1
潰,1911,defile,water; water droplets; water pistol; precious; Takanohana; purse; in; one; floor; shellfish; clam; oyster; eye; animal legs; eight,カイ; エ,つぶ.す; つぶ.れる; つい.える,15
舞,1912,dance,reclining; lying down; tub; sunglasses; dancing legs; ballerina; evening,ブ,ま.う; -ま.う; まい,15,N3
無,1913,nothingness,reclining; lying down; tub; oven-fire; barbecue,ム; ブ,な.い,12
組,1914,association,thread; spiderman; shelf; my bookshelves,ソ,く.む; くみ; -ぐみ,11,N3
粗,1915,coarse,rice; shelf; my bookshelves,ソ,あら.い; あら-,11,N1
租,1916,tariff,wheat; cereal; shelf; my bookshelves,ソ,,10,N1
狙,1917,aim at,pack of wild dogs; shelf; my bookshelves,ソ; ショ,ねら.う; ねら.い,8
祖,1918,ancestor,altar; shelf; my bookshelves,ソ,,9,N3
阻,1919,thwart,pinnacle; parthenon; acropolis; shelf; my bookshelves,ソ,はば.む,8,N1
査,1920,investigate,tree; wood; shelf; my bookshelves,サ,,9,N2
助,1921,help,shelf; my bookshelves; power; muscle; arnold,ジョ,たす.ける; たす.かる; す.ける; すけ,7,N3
宜,1922,best regards,house; shelf; my bookshelves,ギ,よろ.しい; よろ.しく,8,N1
畳,1923,tatami mat,rice field; brains; crown; shelf; my bookshelves,ジョウ; チョウ,たた.む; たたみ; かさ.なる,12,N2
並,1924,row,,ヘイ; ホウ,な.み; なら.べる; なら.ぶ; なら.びに,8,N2
普,1925,universal,row; sun; day,フ,あまね.く; あまねし,12,N2
譜,1926,musical score,say; words; keitai; mouth; universal; row; sun; day,フ,,19,N1
湿,1927,damp,water; water droplets; water pistol; sun; day; row,シツ; シュウ,しめ.る; しめ.す; うるお.う; うるお.す,12,N2
顕,1928,appear,sun; day; row; head; page; one; ceiling; drop; shellfish; clam; oyster; eye; animal legs; eight,ケン,あきらか; あらわ.れる,18,N1
繊,1929,slender,thread; spiderman; Thanksgiving; harvest festival; ten; needle; fiesta; row,セン,,17,N1
霊,1930,spirits,rain; weather; two; row,レイ; リョウ,たま,15,N1
業,1931,profession,business; upside down in a row; not yet; tree; wood,ギョウ; ゴウ,わざ,13,N4
撲,1932,slap,finger; fingers; upside down in a row; husband,ボク,,15,N1
僕,1933,me,person; upside down in a row; husband,ボク,しもべ,14,N1
共,1934,together,salad; animal legs; eight,キョウ,とも; とも.に; -ども,6,N3
供,1935,submit,person; strung together; salad; animal legs; eight,キョウ; ク; クウ; グ,そな.える; とも; -ども,8,N3
異,1936,uncommon,rice field; brains; strung together; salad; animal legs; eight,イ,こと; こと.なる; け,11,N1
翼,1937,wing,feathers; wings; uncommon; rice field; brains; strung together; salad; animal legs; eight,ヨク,つばさ,17,N1
戴,1938,accept humbly,Thanksgiving; harvest festival; ten; needle; fiesta; uncommon; rice field; brains; strung together; salad; animal legs; eight,タイ,いただ.く,17
洪,1939,deluge,water; water droplets; water pistol; strung together; salad; animal legs; eight,コウ,,9,N1
港,1940,harbor,deluge; water; water droplets; water pistol; scene; strung together; salad; animal legs; eight; snake; self,コウ,みなと,12,N3
暴,1941,outburst,sun; day; strung together; salad; animal legs; eight; grains of rice,ボウ; バク,あば.く; あば.れる,15,N2
爆,1942,bomb,fire; outburst; strung together; salad; animal legs; eight; grains of rice,バク,は.ぜる,19,N2
恭,1943,respect,strung together; salad; animal legs; eight; valentine,キョウ,うやうや.しい,10,N1
選,1944,elect,southeast; snake; self; strung together; salad; animal legs; eight; road,セン,えら.ぶ,15,N3
殿,1945,Mr.,Mr; flag; strung together; salad; animal legs; eight; cruise missile; missile; wind; crotch,デン; テン,との; -どの,13,N2
井,1946,well,,セイ; ショウ,い,4,N1
丼,1947,donburi,well; drop,トン; タン; ショウ; セイ,どんぶり,5
囲,1948,surround,pent in; well,イ,かこ.む; かこ.う; かこ.い,7,N2
耕,1949,till,christmas tree; well,コウ,たがや.す,10,N2
亜,1950,Asia,roman two; mouth,ア; アシア,つ.ぐ,7,N1
悪,1951,bad,Asia; roman two; mouth; heart,アク; オ,わる.い; わる-; あ.し; にく.い; -にく.い; ああ; いずくに; いずくんぞ; にく.む,11,N4
円,1952,circle,yen,エン,まる.い; まる; まど; まど.か; まろ.やか,4,N5
角,1953,angle,bound up; glass canopy; hood; walking cane; stick; two,カク,かど; つの,7,N2
触,1954,contact,angle; bound up; glass canopy; hood; walking cane; stick; two; insect,ショク,ふ.れる; さわ.る; さわ,13,N2
解,1955,unravel,angle; bound up; glass canopy; hood; walking cane; stick; two; sword; dagger; cow,カイ; ゲ,と.く; と.かす; と.ける; ほど.く; ほど.ける; わか.る; さと.る,13,N3
再,1956,again,king; jewel; ball; belt,サイ; サ,ふたた.び,6,N2
講,1957,lecture,say; words; keitai; mouth; funnel; cone; celery; again,コウ,,17,N2
購,1958,subscription,shellfish; clam; oyster; eye; animal legs; eight; funnel; cone; celery; again,コウ,,17,N1
構,1959,posture,tree; wood; funnel; cone; celery; again,コウ,かま.える; かま.う,14,N3
溝,1960,gutter,water; water droplets; water pistol; funnel; cone; celery; again,コウ,みぞ,13,N1
論,1961,argument,say; words; keitai; mouth; post-it note; meeting; scrapbook; glass canopy; hood; flowers,ロン,,15,N3
倫,1962,ethics,person; post-it note; meeting; scrapbook; glass canopy; hood; flowers,リン,,10,N1
輪,1963,wheel,car; post-it note; meeting; scrapbook; glass canopy; hood; flowers,リン,わ,15,N2
偏,1964,partial,person; fishfinger; door; one; ceiling; flag; scrapbook; glass canopy; hood; flowers,ヘン,かたよ.る,11,N1
遍,1965,everywhere,fishfinger; door; one; ceiling; flag; scrapbook; glass canopy; hood; flowers; road,ヘン,あまね.く,12,N1
編,1966,compilation,thread; spiderman; fishfinger; door; one; ceiling; flag; scrapbook; glass canopy; hood; flowers,ヘン,あ.む; -あ.み,15,N2
冊,1967,tome,,サツ; サク,ふみ,5,N2
柵,1968,palisade,tree; wood; tome,サク; サン,しがら.む; しがらみ; とりで; やらい,9
典,1969,code,bend; tool,テン; デン,,8,N1
氏,1970,family name,drop; fishhook,シ,うじ; -うじ,4,N1
紙,1971,paper,thread; spiderman; family name,シ,かみ,10,N4
婚,1972,marriage,woman; dusk; family name; day,コン,,11,N3
低,1973,lower,person; calling card; family name; one; floor,テイ,ひく.い; ひく.める; ひく.まる,7,N2
抵,1974,resist,finger; fingers; calling card; family name; one; floor,テイ,,8,N1
底,1975,bottom,cave; calling card; family name; one; floor,テイ,そこ,8,N2
民,1976,people,mouth; family name,ミン,たみ,5,N3
眠,1977,sleep,eye; people; mouth; family name,ミン,ねむ.る; ねむ.い,10,N3
捕,1978,catch,finger; fingers; dog-tag; arrowhead; screwdriver; utilize; utilise,ホ,と.らえる; と.らわれる; と.る; とら.える; とら.われる; つか.まえる; つか.まる,10,N3
哺,1979,suckle,,ホ,はぐく.む; ふく.む,10
浦,1980,bay,water; water droplets; water pistol; dog-tag; arrowhead; screwdriver; utilize; utilise,ホ,うら,10,N1
蒲,1981,bullrush,bulrush; flowers; bay; water; water droplets; water pistol; dog-tag; arrowhead; screwdriver; utilize; utilise,ホ; ボ; フ; ブ,がま; かば; かま,13
舗,1982,shop,cottage; little-thatch; umbrella; earthenware jar; lidded crock; soil; dirt; ground; mouth; dog-tag; arrowhead; screwdriver; utilize; utilise,ホ,,15,N1
補,1983,supplement,cloak; dog-tag; arrowhead; screwdriver; utilize; utilise,ホ,おぎな.う,12,N2
邸,1984,residence,calling card; family name; one; floor; city walls,テイ,やしき,8,N1
郭,1985,enclosure,receive; tall; top hat; mouth; child; children; city walls,カク,くるわ,11,N1
郡,1986,county,old boy; mop; mouth; city walls,グン,こうり,10,N1
郊,1987,outskirts,mingle; top hat; father; city walls,コウ,,9,N2
部,1988,section,muzzle; vase; stand up; mouth; city walls,ブ,-べ,11,N3
都,1989,metropolis,someone; puppet; sooty; old man; sun; day; city walls,ト; ツ,みやこ,11,N3
郵,1990,mail,droop; silage; city walls,ユウ,,11,N2
邦,1991,home country,bushes; city walls,ホウ,くに,7,N1
那,1992,interrogative,sword; dagger; two; city walls,ナ; ダ,なに; なんぞ; いかん,7,N1
郷,1993,hometown,home town; cocoon; silver; city walls,キョウ; ゴウ,さと,11,N1
響,1994,echo,home town; cocoon; silver; city walls; sound; vase; stand up; sun; day; tongue wagging,キョウ,ひび.く,20,N1
郎,1995,son,halo; good; drop; silver; city walls,ロウ; リョウ,おとこ,9,N1
廊,1996,corridor,cave; son; halo; good; drop; silver; city walls,ロウ,,12,N1
盾,1997,shield,drag; ten; needle; eye,ジュン,たて,9,N1
循,1998,sequential,Nelson; column; going; line; shield; drag; ten; needle; eye,ジュン,,12,N1
派,1999,faction,water; water droplets; water pistol; caveman; drag; person; rag,ハ,,9,N1
脈,2000,vein,moon; month; flesh; part of the body; caveman; drag; person; rag,ミャク,すじ,10,N1
衆,2001,masses,blood; drop; dish; Carol in rags person; rag,シュウ; シュ,おお.い,12,N1
逓,2002,parcel post,drag; cornstalk; belt; road,テイ,かわ.る; たがいに,10,N1
段,2003,grade,staple gun; cruise missile; missile; wind; crotch,ダン; タン,,9,N3
鍛,2004,forge,metal; gold; grade; staple gun; cruise missile; missile; wind; crotch,タン,きた.える,17,N1
后,2005,empress,drag; one; ceiling; mouth,コウ; ゴ,きさき,6,N1
幻,2006,phantasm,cocoon; clothes hanger; coat hanger,ゲン,まぼろし,4,N1
司,2007,director,clothes hanger; coat hanger; one; mouth,シ,つかさど.る,5,N1
伺,2008,pay respects,person; director; Ken Russel; clothes hanger; coat hanger; one; mouth,シ,うかが.う,7,N2
詞,2009,parts of speech,part of speech; say; words; keitai; mouth; director; Ken Russel; clothes hanger; coat hanger; one; mouth,シ,,12,N2
飼,2010,domesticate,eat; food; umbrella; good; halo; drop; silver; director; Ken Russel; clothes hanger; coat hanger; one; mouth,シ,か.う,13,N1
嗣,2011,heir,mouth; scrapbook; glass canopy; hood; flowers; director; Ken Russel; clothes hanger; coat hanger; one; mouth,シ,,13,N1
舟,2012,boat,,シュウ,ふね; ふな-; -ぶね,6,N2
舶,2013,liner,boat; white; dove,ハク,,11,N1
航,2014,navigate,boat; whirlwind; top hat; wind,コウ,,10,N2
舷,2015,gunwale,boat; mysterious; top hat; cocoon,ゲン,ふなべい; ふなばた,11
般,2016,carrier,boat; cruise missile; missile; wind; crotch,ハン,,10,N2
盤,2017,tray,carrier; boat; cruise missile; missile; wind; crotch; dish,バン,,15,N1
搬,2018,conveyor,finger; fingers; carrier; boat; cruise missile; missile; wind; crotch,ハン,,13,N1
船,2019,ship,boat; gully; eight; mouth,セン,ふね; ふな-,11,N3
艦,2020,warship,boat; oversee; retainer; slave; reclining; lying down; one; floor; dish,カン,,21,N1
艇,2021,rowboat,boat; courts; porter; drop; samurai; stretch,テイ,,13,N1
瓜,2022,melon,claw; vulture; elbow,カ; ケ,うり,6
弧,2023,arc,bow; melon; claw; vulture; elbow,コ,,9,N1
孤,2024,orphan,child; melon; claw; vulture; elbow,コ,,9,N1
繭,2025,cocoon,flowers; hood; stick; thread; spiderman; insect,ケン,まゆ; きぬ,18,N1
益,2026,benefit,animal horns; one; floor; animal legs; eight; dish,エキ; ヤク,ま.す,10,N1
暇,2027,spare time,sun; day; hobby; staples; mouth; box; crotch,カ,ひま; いとま,13,N1
敷,2028,spread,arrowhead; rice field; brains; compass; direction; taskmaster,フ,し.く; -し.き,15,N1
来,2029,come,not yet; animal horns,ライ; タイ,く.る; きた.る; きた.す; き.たす; き.たる; き; こ,7,N5
気,2030,spirit,landed fish; reclining; lying down; one; floor; fishhook; sheaf,キ; ケ,いき,6,N5
汽,2031,vapor,water; water droplets; water pistol; landed fish; reclining; lying down; one; floor; fishhook,キ,,7,N1
飛,2032,fly,hook; propeller; measuring box; thousand; needles,ヒ,と.ぶ; と.ばす; -と.ばす,9,N3
沈,2033,sink,water; water droplets; water pistol; garter; crown; human legs,チン; ジン,しず.む; しず.める,7,N2
枕,2034,pillow,tree; wood; garter; crown; human legs,チン; シン,まくら,8
妻,2035,wife,ten; needle; rake; woman,サイ,つま,8,N3
凄,2036,nifty,ice; wife; ten; needle; rake; woman,セイ; サイ,さむ.い; すご.い; すさ.まじい,10
衰,2037,decline,pathetic; stick; top hat; scarf; mouth,スイ,おとろ.える,10,N1
衷,2038,inmost,ten; needle; mouth; scarf,チュウ,,9,N1
面,2039,mask,hundred; one; ceiling; drop; pent in; eye,メン; ベン,おも; おもて; つら,9,N3
麺,2040,noodles,barley; grow up; walking legs; mask; hundred; one; ceiling; drop; pent in; eye,メン; ベン,むぎこ,16
革,2041,leather,flowers; car; mouth; ten; needle,カク,かわ,9,N2
靴,2042,shoes,leather; flowers; car; mouth; ten; needle; change; person; spoon; sitting on the ground,カ,くつ,13,N3
覇,2043,hegemony,old west; leather; flowers; car; mouth; ten; needle; moon; month; flesh; part of the body,ハ; ハク,はたがしら,19,N1
声,2044,voice,samurai; flag; stick,セイ; ショウ,こえ; こわ-,7,N3
眉,2045,eyebrow,flag; stick; eye,ビ; ミ,まゆ,9,N1
呉,2046,give,mouth; chair; tool; animal legs,ゴ,く.れる; くれ,7,N1
娯,2047,recreation,woman; give; mouth; chair; tool; animal legs,ゴ,,10,N1
誤,2048,mistake,say; words; keitai; mouth; give; mouth; chair; tool; animal legs,ゴ,あやま.る; -あやま.る,14,N3
蒸,2049,steam,flowers; helping hand; complete; water; one; floor; oven-fire; barbecue,ジョウ; セイ,む.す; む.れる; む.らす,13,N2
承,2050,acquiesce,water; complete; three,ショウ; ジョウ,うけたまわ.る; う.ける; ささ.げる; とど.める; たす.ける; こ.らす; つい.で; すく.う,8,N2
函,2051,bin,snare; sparkler; shovel,カン,はこ; い.れる,8
極,2052,poles,decay; tree; wood; snare; mouth; crotch; one; floor,キョク; ゴク,きわ.める; きわ.まる; きわ.まり; きわ.み; き.める; -ぎ.め; き.まる,12,N2
牙,2053,tusk,,ガ; ゲ,きば; は; きばへん,5
芽,2054,bud,flowers; tusk,ガ,め,8,N1
邪,2055,wicked,tusk; city walls,ジャ,よこし.ま,8,N1
雅,2056,gracious,tusk; turkey,ガ,みや.び,13,N1
釈,2057,interpretation,animal tracks; drop; rice; shaku-hachi; flag; stick,シャク; セキ,とく; す.てる; ゆる.す,11,N1
番,2058,turn,dice; animal tracks; drop; rice; rice field; brains,バン,つが.い,12,N3
審,2059,hearing,house; dice; animal tracks; drop; rice; rice field; brains,シン,つまび.らか; つぶさ.に,15,N1
翻,2060,flip,dice; animal tracks; drop; rice; rice field; brains; feathers; wings,ホン; ハン,ひるがえ.る; ひるがえ.す,18,N1
藩,2061,clan,flowers; water; water droplets; water pistol; dice; animal tracks; drop; rice; rice field; brains,ハン,,18,N1
毛,2062,fur,,モウ,け,4,N2
耗,2063,decrease,christmas tree; fur,モウ; コウ; カウ,,10,N1
尾,2064,tail,flag; fur,ビ,お,7,N1
宅,2065,home,house; lock of hair,タク,,6,N3
託,2066,consign,say; words; keitai; mouth; lock of hair,タク,かこつ.ける; かこ.つ; かこ.つける,10,N1
為,2067,do,so; strange building; tail feathers,イ,ため; な.る; な.す; す.る; たり; つく.る; なり,9,N1
偽,2068,falsehood,person; do; so; strange building; tail feathers,ギ; カ,いつわ.る; にせ; いつわ.り,11,N1
畏,2069,apprehensive,rice field; brains; hairpin; safety-pin,イ,おそ.れる; かしこ.まる; かしこ; かしこ.し,9
長,2070,long,hair; hairpin; safety-pin,チョウ,なが.い; おさ,8,N5
張,2071,lengthen,bow; long,チョウ,は.る; -は.り; -ば.り,11,N1
帳,2072,notebook,towel; long,チョウ,とばり,11,N1
脹,2073,dilate,moon; month; flesh; part of the body; long,チョウ,は.れる; ふく.らむ; ふく.れる,12,N1
髪,2074,hair of the head,hairstyle; hair; shape; friend,ハツ,かみ,14,N3
展,2075,unfold,flag; salad; hairpin; safety-pin,テン,,10,N1
喪,2076,miss,soil; dirt; ground; mouth; hairpin; safety-pin,ソウ,も,12,N1
巣,2077,nest,owl; fruit; rice field; brains; tree; wood,ソウ,す; す.くう,11,N1
単,2078,simple,owl; rice field; brains; ten; needle,タン,ひとえ,9,N3
戦,2079,war,simple; owl; rice field; brains; ten; needle; fiesta,セン,いくさ; たたか.う; おのの.く; そよぐ; わなな.く,13,N3
禅,2080,Zen,zen; altar; simple; owl; rice field; brains; ten; needle,ゼン; セン,しずか; ゆず.る,13,N1
弾,2081,bullet,bow; simple; owl; rice field; brains; ten; needle,ダン; タン,ひ.く; -ひ.き; はず.む; たま; はじ.く; はじ.ける; ただ.す; はじ.きゆみ,12,N1
桜,2082,cherry tree,tree; wood; owl; woman,オウ; ヨウ,さくら,10,N1
獣,2083,animal,owl; rice field; brains; one; mouth; chihuahua; dog; large; drop,ジュウ,けもの; けだもの,16,N1
脳,2084,brain,moon; month; flesh; part of the body; owl; villain; sheaf; shovel,ノウ; ドウ,のうずる,11,N2
悩,2085,trouble,Freud; state of mind; owl; villain; sheaf; shovel,ノウ,なや.む; なや.ます; なや.ましい; なやみ,10,N2
厳,2086,stern,owl; cliff; daring; spike; ear; taskmaster,ゲン; ゴン,おごそ.か; きび.しい; いか.めしい; いつくし,17,N1
鎖,2087,chain,metal; gold; small; shellfish; clam; oyster; eye; animal legs; eight,サ,くさり; とざ.す,18,N1
挙,2088,raise,owl; tool; hand,キョ,あ.げる; あ.がる; こぞ.る,10,N1
誉,2089,reputation,owl; tool; say; words; keitai; mouth,ヨ,ほま.れ; ほ.める,13,N1
猟,2090,game hunting,pack of wild dogs; anemometer; owl; wind; cornstalk,リョウ; レフ,かり; か.る,11,N1
鳥,2091,bird,white; dove; one; tail feathers,チョウ,とり,11,N4
鳴,2092,chirp,mouth; bird,メイ,な.く; な.る; な.らす,14,N3
鶴,2093,crane,turkey house; bird,カク,つる,21,N1
烏,2094,crow,drop; mouth; one; tail feathers,ウ; オ,からす; いずくんぞ; なんぞ,10
蔦,2095,vine,flowers; bird,チョウ,つた,14,N1
鳩,2096,pigeon,nine; baseball; bird,キュウ; ク,はと; あつ.める,13,N1
鶏,2097,chicken,claw; vulture; husband; bird,ケイ,にわとり; とり,19,N1
島,2098,island,bird; mountain,トウ,しま,10,N2
暖,2099,warmth,sun; day; migrating ducks; claw; vulture; one; friend,ダン; ノン,あたた.か; あたた.かい; あたた.まる; あたた.める,13,N1
媛,2100,beautiful woman,woman; migrating ducks; claw; vulture; one; friend,エン,ひめ,12,N1
援,2101,abet,finger; fingers; migrating ducks; claw; vulture; one; friend,エン,,12,N1
緩,2102,slacken,thread; spiderman; migrating ducks; claw; vulture; one; friend,カン,ゆる.い; ゆる.やか; ゆる.む; ゆる.める,15,N1
属,2103,belong,flag; gnats; drop; insect; belt,ゾク; ショク,さかん; つく; やから,12,N1
嘱,2104,entrust,mouth; belong; flag; gnats; drop; insect; belt,ショク,しょく.する; たの.む,15,N1
偶,2105,accidentally,person; talking cricket; brains; insect; belt,グウ,たま,11,N3
遇,2106,interview,talking cricket; brains; insect; belt; road,グウ,あ.う,12,N1
愚,2107,foolish,talking cricket; brains; insect; belt; heart,グ,おろ.か,13,N1
隅,2108,corner,pinnacle; parthenon; acropolis; talking cricket; brains; insect; belt,グウ,すみ,12,N2
逆,2109,inverted,mountain goat; horns; mountain; road,ギャク; ゲキ,さか; さか.さ; さか.らう,9,N2
塑,2110,model,first day of the month; mountain goat; horns; mountain; moon; month; flesh; part of the body; soil; dirt; ground,ソ,でく,13,N1
遡,2111,go upstream,first day of the month; mountain goat; horns; mountain; moon; month; flesh; part of the body; road,ソ; サク,さかのぼ.る,13
岡,2112,Mount,mount; glass canopy; hood; mountain goat; horns; mountain,コウ,おか,8
鋼,2113,steel,metal; gold; mount,コウ,はがね,16,N1
綱,2114,hawser,thread; spiderman; mount,コウ,つな,14,N1
剛,2115,sturdy,mount; sword; sabre; saber,ゴウ,,10,N1
缶,2116,tin can,noon; sign of the horse; shovel,カン,かま,6,N2
陶,2117,pottery,pinnacle; parthenon; acropolis; bound up; tin can; noon; sign of the horse; shovel,トウ,,11,N1
揺,2118,swing,finger; fingers; condor; claw; vulture; king; mountain,ヨウ,ゆ.れる; ゆ.る; ゆ.らぐ; ゆ.るぐ; ゆ.する; ゆ.さぶる; ゆ.すぶる; うご.く,12,N1
謡,2119,Noh chanting,noh chanting; say; words; keitai; mouth; condor; claw; vulture; king; mountain,ヨウ,うた.い; うた.う,16,N1
鬱,2120,gloom,,ウツ,うっ.する; しげ.る; ふさ.ぐ,29
就,2121,concerning,capital; tall; top hat; mouth; small; little; understandably; chihuahua with one human leg,シュウ; ジュ,つ.く; つ.ける,12,N1
蹴,2122,kick,wooden leg; mouth; stop; footprint; concerning; capital; tall; top hat; mouth; small; little; understandably; chihuahua with one human leg,シュク; シュウ,け.る,19
懇,2123,sociable,skunk; silver; heart,コン,ねんご.ろ,17,N1
墾,2124,groundbreaking,skunk; silver; soil; dirt; ground,コン,,16,N1
貌,2125,countenance,skunk; badger; white; dove; human legs,ボウ; バク,かたち; かたどる,14
免,2126,excuse,village stocks; rabbit; bound up; human legs,メン,まぬか.れる; まぬが.れる,8,N1
逸,2127,elude,deviate; village stocks; rabbit; bound up; human legs; road,イツ,そ.れる; そ.らす; はぐ.れる,11,N1
晩,2128,nightfall,sun; day; village stocks; rabbit; bound up; human legs,バン,,12,N3
勉,2129,exertion,village stocks; rabbit; bound up; human legs; power; muscle; arnold,ベン,つと.める,10,N4
象,2130,elephant,colour; color; bound up; sow; pig,ショウ; ゾウ,かたど.る,12,N2
像,2131,statue,person; elephant; colour; color; bound up; sow; pig,ゾウ,,14,N2
馬,2132,horse,team of horses,バ,うま; うま-; ま,10,N3
駒,2133,pony,team of horses; phrase; bound up; mouth,ク,こま,15,N1
験,2134,verification,team of horses; awl; fit; meeting; umbrella; mouth; person,ケン; ゲン,あかし; しるし; ため.す; ためし,18,N4
騎,2135,equestrian,team of horses; strange; large; St. Bernard; street; nail; spike; mouth,キ,,18,N1
駐,2136,parking,stop-over; team of horses; candlestick; lord; drop; king; jewel; ball,チュウ,,15,N2
駆,2137,drive,team of horses; ward; box; sheaf,ク,か.ける; か.る,14,N1
駅,2138,station,team of horses; shaku-hachi; flag; stick,エキ,,14,N4
騒,2139,boisterous,team of horses; crotch; insect,ソウ,さわ.ぐ; うれい; さわ.がしい,18,N1
駄,2140,burdensome,team of horses; plump; large; St. Bernard; drop,ダ; タ,,14,N1
驚,2141,wonder,awe; flowers; phrase; bound up; mouth; taskmaster; team of horses,キョウ,おどろ.く; おどろ.かす,22,N1
篤,2142,fervent,bamboo; team of horses,トク,あつ.い,16,N1
罵,2143,insult,eye; cross-eyed; net; team of horses,バ,ののし.る,15
騰,2144,inflation,edam; moon; month; flesh; part of the body; quarter; team of horses,トウ,,20,N1
虎,2145,tiger,magic wand; augury; cliff; hook; diced; seven; human legs,コ,とら,8,N1
虜,2146,captive,tiger; male; rice field; brains; power; muscle; arnold,リョ; ロ,とりこ; とりく,13,N1
膚,2147,skin,tiger; stomach; rice field; brains; moon; month; flesh; part of the body,フ,はだ,15,N2
虚,2148,void,tiger; row,キョ; コ,むな.しい; うつ.ろ,11,N1
戯,2149,frolic,void; tiger; row; fiesta,ギ; ゲ,たわむ.れる; ざ.れる; じゃ.れる,15,N1
虞,2150,uneasiness,tiger; give; mouth; chair; tool,グ,おそれ; おもんぱか.る; はか.る; うれ.える; あざむ.く; あやま.る; のぞ.む; たの.しむ,13,N1
慮,2151,prudence,tiger; think; rice field; brains; heart,リョ,おもんぱく.る; おもんぱか.る,15,N1
劇,2152,drama,tiger; sow; pig; sword; sabre; saber,ゲキ,,15,N2
虐,2153,tyrannize,tiger; one; box,ギャク,しいた.げる,9,N1
鹿,2154,deer,cave; antlers; compare; spoon; sitting on the ground,ロク,しか; か,11,N1
麓,2155,foot of a mountain,grove; tree; wood; deer; cave; antlers; compare; spoon; sitting on the ground,ロク,ふもと,19
薦,2156,recommend,flowers; deer; cave; antlers; slingshot; catapult; tail feathers,セン,すす.める,16,N1
慶,2157,jubilation,deer; cave; antlers; crown; heart; walking legs,ケイ,よろこ.び,15,N1
麗,2158,lovely,one; ceiling; mediocre; deer; cave; antlers; compare,レイ,うるわ.しい; うら.らか,19,N1
熊,2159,bear,ability; elbow; moon; month; flesh; part of the body; spoon; sitting on the ground; oven-fire; barbecue,ユウ,くま,14,N1
能,2160,ability,elbow; moon; month; flesh; part of the body; spoon; sitting on the ground,ノウ,よ.く,10,N3
態,2161,attitude,ability; elbow; moon; month; flesh; part of the body; spoon; sitting on the ground; heart,タイ,わざ.と,14,N1
寅,2162,sign of the tiger,house; caterpillar; one; ceiling; sprout; shoot; animal legs; eight,イン,とら,11,N1
演,2163,performance,water; water droplets; water pistol; sign of the tiger; house; caterpillar; one; ceiling; sprout; shoot; animal legs; eight,エン,,14,N3
辰,2164,sign of the dragon,cliff; two; hairpin; safety-pin,シン; ジン,たつ,7,N1
辱,2165,embarrass,sign of the dragon; cliff; two; hairpin; safety-pin; glue,ジョク,はずかし.める,10,N1
震,2166,quake,rain; weather; sign of the dragon; cliff; two; hairpin; safety-pin,シン,ふる.う; ふる.える,15,N2
振,2167,shake,finger; fingers; sign of the dragon; cliff; two; hairpin; safety-pin,シン,ふ.る; ぶ.る; ふ.り; -ぶ.り; ふ.るう,10,N1
娠,2168,with child,woman; sign of the dragon; cliff; two; hairpin; safety-pin,シン,,10,N1
唇,2169,lips,sign of the dragon; cliff; two; hairpin; safety-pin; mouth,シン,くちびる,10,N1
農,2170,agriculture,bend; sign of the dragon; cliff; two; hairpin; safety-pin,ノウ,,13,N2
濃,2171,concentrated,water; water droplets; water pistol; agriculture; bend; sign of the dragon; cliff; two; hairpin; safety-pin,ノウ,こ.い,16,N2
送,2172,send off,escort; golden calf; horns; heavens; road,ソウ,おく.る,9,N4
関,2173,connection,gates; golden calf; horns; heavens,カン,せき; -ぜき; かか.わる; からくり; かんぬき,14,N3
咲,2174,blossom,mouth; golden calf; horns; heavens,ショウ,さ.く; -ざき,9,N2
鬼,2175,ghost,oni; drop; brains; rice field; human legs; elbow,キ,おに; おに-,10,N1
醜,2176,ugly,whiskey bottle; ghost; oni; drop; brains; rice field; human legs; elbow,シュウ,みにく.い; しこ,17,N1
魂,2177,soul,rising cloud; two; elbow; wall; ghost; oni; drop; brains; rice field; human legs; elbow,コン,たましい; たま,14,N1
魔,2178,witch,hemp; cliff; grove; tree; wood; ghost; oni; drop; brains; rice field; human legs; elbow,マ,,21,N1
魅,2179,fascination,ghost; oni; drop; brains; rice field; human legs; elbow; not yet; one; tree; wood,ミ,,15,N1
塊,2180,clod,soil; dirt; ground; ghost; oni; drop; brains; rice field; human legs; elbow,カイ; ケ,かたまり; つちくれ,13,N1
襲,2181,attack,old dragon; vase; stand up; moon; month; flesh; part of the body; slingshot; catapult; snake; self; three; cloth; clothes; clothing; garment; dragon*,シュウ,おそ.う; かさ.ね,22,N1
嚇,2182,upbraid,menacing; mouth; incandescent; red,カク,おど.かす,17,N1
朕,2183,majestic plural,moon; month; flesh; part of the body; golden calf; horns; heavens,チン,,10,N1
雰,2184,atmosphere,rain; weather; part,フン,,12,N1
箇,2185,item,bamboo; harden; pent in; old; tombstone; gravestone; church; ten; needle; mouth,カ; コ,,14,N1
錬,2186,tempering,metal; gold; east; tree; wood; sun; day,レン,ね.る,16,N1
遵,2187,abide by,revered; Mother Teresa; chieftain; Molotov cocktail; animal horns; whiskey bottle; glue; road,ジュン,,15,N1
罷,2188,quit,eye; cross-eyed; net; ability; elbow; moon; month; flesh; part of the body; spoon; sitting on the ground,ヒ,まか.り-; や.める,15,N1
屯,2189,barracks,earthworm; drop; shovel; fishhook,トン,,4,N1
且,2190,moreover,shelf; my bookshelves,ショ; ソ; ショウ,か.つ,5,N1
藻,2191,seaweed,flowers; water; water droplets; water pistol; furniture; goods; mouth; tree; wood,ソウ,も,19,N1
隷,2192,slave,samurai; altar; show; two; small; sieve; rake; grains of rice,レイ,したが.う; しもべ,16,N1
癒,2193,healing,sickness; hospital; in the nick of time; meeting of butchers; moon; month; flesh; part of the body; sword; sabre; saber; heart,ユ,い.える; いや.す,18,N1
璽,2194,imperial seal,let it be; noren; one; ceiling; eight; towel; stitching; patchwork quilt; jewel; earring,ジ,,19
潟,2195,lagoon,water; water droplets; water pistol; mortar; tail feathers,セキ,かた; -がた,15,N1
丹,2196,cinnabar,rust colored; ship´s funnel,タン,に,4,N1
丑,2197,sign of the cow,dagger; two,チュウ,うし,4,N1
羞,2198,humiliate,,シュウ,すすめ.る; はじ.る; は.ずかしい,11
卯,2199,sign of the hare,blown eggs,ボウ; モウ,う,5,N1
巳,2200,sign of the snake,mosaic with bit missing,シ,み,3,N1
此,2201,this here,,シ,これ; この; ここ,6
柴,2202,brushwood,,サイ; シ,しば,10
些,2203,whit,,サ; シャ,ち.と; ち.っと; いささか,8
砦,2204,fort,,サイ,とりで,11
髭,2205,beard,,シ,ひげ; くちひげ,16
禽,2206,fowl,,キン,とり; とりこ,13
檎,2207,apple,,キン; ゴン; ゴ,,17
憐,2208,sympathize with,,レン,あわ.れむ; あわ.れ,16
燐,2209,phosphorus,,リン,,17
麟,2210,camelopard,,リン,,24,N1
鱗,2211,scaled,,リン,うろこ; こけ; こけら,24
奄,2212,encompassing,,エン,おお.う; たちまち,8
庵,2213,hermitage,,アン,いおり; いお,11
掩,2214,shrouded,,エン,おお.う,11
悛,2215,make amends,,シュン; セン,あらた.める,10
駿,2216,steed,,シュン; スン,すぐ.れる,17,N1
峻,2217,steep,,シュン,けわ.しい; たか.い,10,N1
竣,2218,complete a job,,ドウ; シュン,わらわ; わらべ; おわ.る,12,N1
犀,2219,rhinoceros,,サイ; セイ,,12
皐,2220,lunar month,,コウ,さつき,11,N1
畷,2221,rice-field footpath,,テツ; テイ; セイ,なわて,13
綴,2222,mend,,テイ; テツ; テチ; ゲツ,と.じる; つづ.る; つづり; すみ.やか,14
鎧,2223,suit of armor,,カイ; ガイ,よろ.う; よろい,18
凱,2224,triumph,,ガイ; カイ,かちどき; やわらぐ,12,N1
呑,2225,quaff,,トン; ドン,の.む,7
韮,2226,leek,,キュウ; ク,にら,12
籤,2227,lottery,,セン,くじ; かずとり,23
懺,2228,penitential,,ザン; サン,くい.る,20
芻,2229,hay,,スウ; シュウ; ス,まぐさ,10
雛,2230,chick,,スウ; ス; ジュ,ひな; ひよこ,18,N1
趨,2231,scurry,,スウ; ソク,しゅ; おもむ.く; はし.る,17
尤,2232,understandably,,ユウ,もっと.も; とが.める,4
厖,2233,immense,,ボウ,おおき.い,9
或,2234,a  (a certain),,ワク; コク; イキ,あ.る; あるい; あるいは,8
兎,2235,rabbit,,ト; ツ,うさぎ,8
也,2236,est,,ヤ; エ,なり; か; また,3,N1
巴,2237,comma-design,,ハ,ともえ; うずまき,4,N1
疋,2238,critters,,ヒキ; ショ; ソ; ヒツ,あし,5
菫,2239,violet,,キン,すみれ,11,N1
曼,2240,mandala,,マン; バン,なが.い,11
云,2241,quote,,ウン,い.う; ここに,4
莫,2242,shalt,,バク; ボ; マク; モ; ナイ,くれ; なか.れ; なし,10
而,2243,and then,,ジ; ニ,しこ.うして; しか.して; しか.も; しか.れども; すなわち; なんじ; しかるに,6
倭,2244,Yamato,,ワ; イ,やまと; したが.う,10,N1
侠,2245,chivalry,,キョウ,きゃん; おとこだて,8
倦,2246,fed up,,ケン,あき.る; あぐ.む; あぐ.ねる; う.む; つか.れる,11
俄,2247,abrupt,,ガ,にわか,9
佃,2248,work a field,,テン; デン,つくだ,7
仔,2249,animal offspring,,シ,こ; た.える,5
仇,2250,foe,,キュウ; グ,あだ; あた; かたき; つれあい,4
伽,2251,look after,,カ; ガ; キャ; ギャ,とぎ,7,N1
儲,2252,make a profit,,チョ,もう.ける; もう.かる; もうけ; たくわ.える,17
僑,2253,emigrant,,キョウ,,14
倶,2254,mate,,グ; ク,とも.に,10
侃,2255,forthright,,カン,つよ.い,8,N1
偲,2256,memorial,,サイ; シ,しの.ぶ,11,N1
侭,2257,as is,,ジン,まま; ことごとく,8
脩,2258,dried meat,,シュウ,おさ.める; なが.い; ほじし,11,N1
倅,2259,my son,,サイ; ソツ; ソチ,せがれ,10
做,2260,make do,,サ; サク; ソ,な.す; つく.る,11
冴,2261,sharp,,ゴ; コ,さ.える; こお.る; ひ.える,7,N1
凋,2262,wilt,,チョウ,しぼ.む,10
凌,2263,pull through,,リョウ,しの.ぐ,10,N1
凛,2264,stately,,リン,きびし.い,15
凧,2265,kite,,,いかのぼり; たこ,5
凪,2266,lull,,,なぎ; な.ぐ,6,N1
夙,2267,earlybird,,シュク,つとに; はやい,6
鳳,2268,phoenix,,ホウ; フウ,,14,N1
剽,2269,menace,,ヒョウ,おびや.かす; さす,13
劉,2270,slaughter,,リュウ; ル,ころ.す,15
剃,2271,shave,,テイ,まい; そ.る; す.る,9
厭,2272,despondent,,エン; オン; アン; オウ; ユウ; ヨウ,いや; あ.きる; いと.う; おさ.える,14
雁,2273,wild goose,,ガン,かり; かりがね,12
贋,2274,counterfeit,,ガン,にせ,19
厨,2275,kitchen,,シュウ; ズ; チュ; チュウ,くりや,12
仄,2276,insinuate,,ソク,ほの.か; ほの-; ほの.めかす; ほの.めく; かたむ.く,4
哨,2277,scout,,ショウ,みはり,10
咎,2278,reprehend,,キュウ; コウ,とが.める; とが,8
囁,2279,whisper,,ショウ,ささや.く,21
喋,2280,chatter,,チョウ; トウ,しゃべ.る; ついば.む,12
嘩,2281,quarrel,,カ; ケ,かまびす.しい,13
噂,2282,gossip,,ソン,うわさ,15
咳,2283,cough,,カイ; ガイ,せ.く; しわぶ.く; せき; しわぶき,9
喧,2284,clamor,,ケン,やかま.しい; かまびす.しい,12
叩,2285,bash,,コウ,たた.く; はた.く; すぎ,5
嘘,2286,fib,,キョ; コ,うそ; ふ.く,14
啄,2287,peck at,,タク; ツク; トク,ついば.む; つつ.く,10,N1
吠,2288,barking,,ハイ; ベイ,ほえ.る; ほ.える,7
吊,2289,dangle,,チョウ,つ.る; つる.す,6
噛,2290,chew,,コウ; ゴウ,か.む; か.じる,15
叶,2291,within my ability,,キョウ,かな.える; かな.う,5,N1
吻,2292,sides of the mouth,,フン; ブン,くちわき; くちさき,7
吃,2293,stammer,,キツ,ども.る,6
噺,2294,spin a tale,,,はなし,16
噌,2295,miso,,ソウ; ショウ; ソ,かまびす.しい,14
邑,2296,city walls,,ユウ,むら,7,N1
呆,2297,dumbfounded,,ホウ,ほけ.る; ぼ.ける; あき.れる; おろか,7
喰,2298,ingest,,,く.う; く.らう,12
埴,2299,clay,,ショク,はに; へな,11
坤,2300,authochthonous,,コン,つち; ひつじさる,8
壕,2301,dugout,,コウ; ゴウ,ほり,17
垢,2302,blemish,,コウ; ク,あか; はじ,9
坦,2303,flat,,タン,たいら,8
埠,2304,wharf,,フ; ホ,つか; はとば,11
堰,2305,dam,,エン,せき; せ.く,12
堵,2306,railing,,ト,かき,11
嬰,2307,suckling infant,,エイ,ふ.れる; みどりご; あかご,17
姦,2308,violate,,カン; ケン,かん.する; かしま.しい; みだら,9
婢,2309,handmaiden,,ヒ,はしため,11
婉,2310,well finished,,エン,うつく.しい; したが.う,11
娼,2311,harlot,,ショウ,あそびめ,11
妓,2312,courtesan,,ギ; キ,わざおぎ; うたいめ,7
娃,2313,fair,,ア; アイ; ワ,うつく.しい,9
姪,2314,niece,,テツ; チツ; ジチ; イツ; イチ,めい; おい,9
嬬,2315,mistress,,ジュ,よわ.い,17
姥,2316,aged woman,,ボ; モ,うば,9
姑,2317,mother-in-law,,コ,しゅうとめ; しゅうと; おば; しばらく,8
姐,2318,young miss,,ソ; シャ,あね; ねえさん,8
嬉,2319,overjoyed,,キ,うれ.しい; たの.しむ,15,N1
孕,2320,expecting,,ヨウ,はら.む,5
孜,2321,assiduous,,シ,つと.める,7
宥,2322,soothe,,ユウ,なだ.める; ゆる.す,9,N1
寓,2323,imply,,グウ; グ; ドウ,ぐう.する; かこつ.ける; よ.せる; よ.る; かりずまい,12
宏,2324,extensive,,コウ,ひろ.い,7,N1
牢,2325,jail,,ロウ,かた.い; ひとや,7
宋,2326,Sung dynasty,,ソウ,,7
宍,2327,venison,,ニク; ジク,しし,7
屠,2328,butchering,,ト; チョ,ほふ.る,11
屁,2329,fart,,ヒ,へ; おなら,7
屑,2330,rubbish,,セツ,くず; いさぎよ.い,10
屡,2331,frequently,,ル,しばしば,12
屍,2332,corpse,,シ,しかばね,9
屏,2333,folding screen,,ヘイ; ビョウ,おお.う; しりぞ.く; びょう.ぶ,9
嵩,2334,high-reaching,,スウ; シュウ,かさ; かさ.む; たか.い,13,N1
崚,2335,rugged mountains,,リョウ,,11,N1
嶺,2336,mountaintop,,レイ; リョウ,みね,17,N1
嵌,2337,fit into,,カン,は.める; は.まる; あな,12
帖,2338,quire,,チョウ; ジョウ,かきもの,8
幡,2339,banner,,マン; ハン; バン; ホン,はた,15
幟,2340,pennant,,シ,のぼり,15
庖,2341,cleaver,,ホウ,くりや,8
廓,2342,licensed quarters,,カク,くるわ; とりで,14
庇,2343,overhang,,ヒ,ひさし; おお.う; かば.う,7
鷹,2344,hawk,,ヨウ; オウ,たか,24,N1
庄,2345,shire,,ショウ; ソ; ソウ; ホウ,,6,N1
廟,2346,tomb sanctuary,,ビョウ; ミョウ,たまや; みたまや; やしろ,15
彊,2347,strengthen,,キョウ; ゴウ,つよ.い,16
弛,2348,loosen,,チ; シ,たる.む; たる.める; たゆ.む; ゆる.む; ゆる.み,6
粥,2349,rice gruel,,イク; シュク; ジュク,かゆ; かい; ひさ.ぐ,12
挽,2350,lathe,,バン,ひ.く,10
撞,2351,bump into,,ドウ; トウ; シュ,つ.く,15
扮,2352,disguise,,フン; ハン; ヘン,ふん.する; やつ.す; よそお.う,7
捏,2353,fabrication,,ネツ; テツ; ネチ,こ.ねる; ね.る; つく.ねる,10
掴,2354,clutch,,カク,つか.む; つか.まえる; つか.まる,11
捺,2355,impress,,ナツ; ダツ,さ.す; お.す,11,N1
掻,2356,scratch,,ソウ,か.く,11
撰,2357,assortment,,サン; セン,せん.する; えら.む; えら.ぶ,15
揃,2358,muster,,セン,そろ.える; そろ.う; そろ.い; き.る,12
捌,2359,deal with,,ハツ; ハチ; ベツ,さば.く; さば.ける; は.け,10
按,2360,press down on,,アン,おさ.える; しら.べる,9
播,2361,disseminate,,ハ; バン; ハン,ま.く,15
揖,2362,collect,,イツ; ユ; シュウ; ユウ,,12
托,2363,receptacle,,タク,たく.する; たの.む,6
捧,2364,devote,,ホウ,ささ.げる,11
撚,2365,twirl,,ネン,よ.る; よ.れる; より; ひね.る,15
挺,2366,counter for tools,,チョウ; テイ,ぬ.く,10
擾,2367,commotion,,ジョウ,みだ.れる; みだ.す; わずら.わしい,18
撫,2368,petting,,ブ; フ,な.でる,15
撒,2369,sprinkle,,サン; サツ,ま.く,15
擢,2370,outstanding,,テキ; タク,ぬ.く; ぬき.んでる,17
摺,2371,rubbing,,ショウ; シュウ; ロウ,す.る; ひだ,14
捷,2372,spoils,,ショウ; ソウ,はや.い,11,N1
抉,2373,gouge out,,ケツ,えぐ.る; こじ.る; くじ.る,7
怯,2374,wince,,キョウ; コウ,ひる.む; おびえ.る; おじる; おび.える; おそ.れる,8
惟,2375,ponder,,イ; ユイ,おも.んみる; これ; おも.うに,11,N1
惚,2376,infatuation,,コツ,ほけ.る; ぼ.ける; ほ.れる,11
怜,2377,quickwitted,,レイ; レン; リョウ,あわ.れむ; さと.い,8,N1
惇,2378,considerate,,シュン; ジュン; トン,あつ.い,11,N1
恰,2379,as if,,コウ; カッ; チョウ; キョウ,あたか.も,9
恢,2380,enlarge,,カイ; ケ,ひろ.い,9
悌,2381,respect for elders,,テイ; ダイ,,10,N1
澪,2382,canal,,レイ,みお,16,N1
洸,2383,glistening,,コウ,,9,N1
滉,2384,bounding main,,コウ,ひろ.い,13,N1
漱,2385,gargle,,ソウ; シュウ; ス,くちすす.ぐ; くちそそ.ぐ; うがい; すす.ぐ,14,N1
洲,2386,continent,,シュウ; ス,しま,9,N1
洵,2387,swirling waters,,ジュン; シュン,の.ぶ; まこと.に,9,N1
滲,2388,seep,,シン,し.みる; にじ.む,14
洒,2389,rinse,,シャ; ソン; サイ; セン; セイ,すす.ぐ; あら.う,9
沐,2390,douse,,モク,もく.する; あら.う,7
泪,2391,teardrops,,ルイ; レイ,なみだ,8
渾,2392,gushing,,コン,すべ.て; にご.る,12
涜,2393,blaspheme,,トク; トウ,けが.す; けが.れ; みぞ,10
梁,2394,roofbeam,,リョウ,はり; うつばり; うちばり; やな; はし,11
澱,2395,sediment,,デン; テン,おり; ど.ろ; よど.み; よど.む,16
洛,2396,old Kyoto,,ラク,,9
汝,2397,thou,,ジョ,なんじ; なれ; い; うぬ; いまし; し; しゃ; な; なむち; まし; みまし,6
漉,2398,filter,,ロク,こ.し; こ.す; す.く,14
瀕,2399,on the verge of,,ヒン,ほとり,20
濠,2400,moat,,ゴウ; コウ,ほり,17
溌,2401,spray,,ハツ,も.る; とびち.る; そそ.ぐ,12
湊,2402,port,,ソウ,みなと; あつ.まる,12
淋,2403,solitude,,リン,さび.しい; さみ.しい,11
浩,2404,abounding,,コウ,おおき.い; ひろ.い,10,N1
汀,2405,water’s edge,,テイ,みぎわ; なぎさ,5
鴻,2406,large goose,,コウ; ゴウ,おおとり; ひしくい; おおがり,17,N1
潅,2407,souse,,カン,そそ.ぐ,14
溢,2408,brimming,,イツ,こぼ.れる; あふ.れる; み.ちる,13
湛,2409,inundate,,タン; チン; ジン; セン,しず.む; たた.える,12
淳,2410,immaculate,,ジュン; シュン,あつ.い,11,N1
渥,2411,moisten,,アク,あつ.い; うるお.う,12,N1
灘,2412,rough seas,,タン; ダン,なだ; せ,21
汲,2413,draw water,,キュウ,く.む,7
瀞,2414,river pool,,セイ; ショウ; ジュウ,とろ; きよ.い,17
溜,2415,cumulation,,リュウ,た.まる; たま.る; た.める; したた.る; たまり; ため,13
渕,2416,abyss,,エン; カク; コウ,ふち; かた.い; はなわ,11
沌,2417,chaos,,トン,くら.い,7
濾,2418,strainer,,ロ; リョ,こ.す,18
濡,2419,drench,,ジュ; ニュ,ぬれ.る; ぬら.す; ぬ.れる; ぬ.らす; うるお.い; うるお.う; うるお.す,17
淀,2420,eddy,,テン; デン,よど.む,11
涅,2421,black soil,,ネツ; デツ,そ.める,10
斧,2422,hatchet,,フ,おの,8
爺,2423,grandpa,,ヤ,じい; じじい; おやじ; じじ; ちち,13
猾,2424,sly,,カツ,わるがしこ.い,13
猥,2425,indecent,,ワイ,みだ.ら; みだり.に,12
狡,2426,cunning,,コウ; キョウ,ずる.い; こす.い; わるがしこ.い,9
狸,2427,racoon dog,,リ; ライ,たぬき,10
狼,2428,wolf,,ロウ,おおかみ,10
狽,2429,flustered,,ケン; バイ; ハイ,,10
狗,2430,pup,,ク; コウ,いぬ,8
狐,2431,fox,,コ,きつね,9
狛,2432,a-un,,ハク,こま,8
獅,2433,lion,,シ,しし,13
狒,2434,baboon,,ヒ,ひひ,8
莨,2435,tobacco,,ロウ,たばこ,10
茉,2436,jasmine,,マツ; バツ; マ,,8,N1
莉,2437,hawthorn,,リ; ライ; レイ,,10,N1
苺,2438,strawberry,,バイ; マイ,いちご,8
萩,2439,bush clover,,シュウ,はぎ,12,N1
藝,2440,technique (old),,ゲイ; ウン,う.える; のり; わざ,18
薙,2441,trim,,テイ; チ,な.ぐ; なぎ; か.る,16
蓑,2442,straw raincoat,,サ; サイ,みの,13
苔,2443,moss,,タイ,こけ; こけら,8
蕩,2444,prodigal,,トウ,とろ.かす; とろ.ける; うご.く,15
蔓,2445,tendril,,マン; バン,はびこ.る; つる,14
蓮,2446,lotus,,レン,はす; はちす,13,N1
芙,2447,lotus flower,,フ,,7,N1
蓉,2448,lotus blossom,,ヨウ,,13,N1
蘭,2449,orchid,,ラン; ラ,,19,N1
芦,2450,hollow reed,,ロ,あし; よし,7
薯,2451,yam,,ショ,いも,16
菖,2452,iris,,ショウ,,11,N1
蕉,2453,banana,,ショウ,,15,N1
蕎,2454,buckwheat,,キョウ,そば,15
蕗,2455,butterbur,,ロ; ル,ふき,16,N1
茄,2456,eggplant,,カ,,8,N1
蔭,2457,behind the scenes,,イン; オン,かげ,14
蓬,2458,wormwood,,ホウ; ブ,よもぎ,13
芥,2459,mustard,,カイ; ケ,からし; ごみ; あくた,7
萌,2460,germinate,,ホウ,も.える; きざ.す; めばえ; きざ.し,11,N1
葡,2461,grape,,ブ; ホ,,12
萄,2462,grape vine,,ドウ; トウ,,11
蘇,2463,resurrect,,ソ; ス,よみがえ.る,19
蕃,2464,grow wild,,バン; ハン,,15
苓,2465,cocklebur,,レイ; リョウ,みみなぐさ,8
菰,2466,rush mat,,コ,こも; まこも,12
蒙,2467,darken,,モウ; ボウ,こうむ.る; おお.う; くら.い,13
茅,2468,grassy reed,,ボウ; ミョウ,かや; ちがや,8,N1
芭,2469,plantain,,バ; ハ,,7
苅,2470,mow,,ガイ; カイ,か.る,7
葱,2471,onion,,ソウ,ねぎ,12
葵,2472,hollyhock,,キ,あおい,12,N1
葺,2473,shingling,,シュウ,あし; ふ.く; ふき,12
蕊,2474,stamen,,ズイ,しべ,15
茸,2475,mushroom,,ジョウ; ニュ,きのこ; たけ; しげ.る,9
蒔,2476,sowing,,シ; ジ,う.える; ま.く,13,N1
芹,2477,parsley,,キン,せり,7,N1
苫,2478,thatching,,セン,とま,8
蒼,2479,pale blue,,ソウ,あお.い,13,N1
藁,2480,straw,,コウ,わら,17
蕪,2481,turnip,,ブ; ム,かぶ; かぶら; あれる,15
藷,2482,sweet potato,,ショ; ジョ,いも,18
薮,2483,quack,,ソウ,やぶ,16
蒜,2484,garlic,,サン,にんにく; ひる; のびる,13
蕨,2485,bracken,,ケツ,わらび,15
蔚,2486,grow plentiful,,ウツ; イ,うち; おとこよもぎ,14
茜,2487,madder red,,セン,あかね,9,N1
莞,2488,candle rush,,カン,い,10,N1
蒐,2489,collector,,シュウ,あかね; あつ.まる; あつ.める,13
菅,2490,sedge,,カン; ケン,すげ,11
葦,2491,ditch reed,,イ,あし; よし; しお.れる; しな.びる; しぼ.む; な.える,13
迪,2492,Way,,テキ,みち; みちび.く; すす.む; いた.る,8,N1
辿,2493,track down,,テン,たど.る; たどり,6
這,2494,crawl,,シャ; ゲン,は.う; は.い; むか.える; この,10
迂,2495,detour,,ウ,,6
遁,2496,shirk,,トン; シュン,のが.れる,12
逢,2497,tryst,,ホウ,あ.う; むか.える,10
遥,2498,far off,,ヨウ,はる.か,12,N1
遼,2499,faraway,,リョウ,,15,N1
逼,2500,pressing,,フク; ヒツ; ヒョク; ヒキ,せま.る; むかばき,12
迄,2501,until,,キツ,まで; およ.ぶ,6
逗,2502,standstill,,トウ; ズ,とど.まる,10
鄭,2503,courtesy,,テイ; ジョウ,,15
隕,2504,falling,,イン; エン; ウン,おち.る,13
隈,2505,nook,,ワイ; エ,くま; すみ,12
憑,2506,possessed,,ヒョウ,つ.く; つか.れる; よ.る; たの.む,16
惹,2507,attract,,ジャク; ジャ,ひ.く,12
悉,2508,without exception,,シツ; シチ,つ.きる; ことごと; ことごと.く; つ.くす; つぶさ.に,11
忽,2509,instantaneously,,コツ,たちま.ち; ゆるが.せ,8
惣,2510,firstborn son,,ソウ,すべ.て,12,N1
愈,2511,in the nick of time,,ユ,いよいよ; まさ.る,13
恕,2512,sensitive,,ジョ; ショ,ゆる.す,10,N1
昴,2513,overarching,,コウ; ボウ,すばる,9,N1
晋,2514,progress,,シン,すす.む,10,N1
晟,2515,aglow,,セイ; ジョウ,あきらか,10,N1
暈,2516,halo,,ウン,ぼか.す; ぼけ.る; かさ; くま; ぼかし; めまい,13
暉,2517,glitter,,キ,かが.やく,13,N1
旱,2518,dry weather,,カン,ひでり,7
晏,2519,clear skies,,アン,おそ.い,10,N1
晨,2520,morrow,,シン,あした; とき; あさ,11,N1
晒,2521,bleaching,,サイ; シ,さら.す; さらし,10
晃,2522,limpid,,コウ,あきらか,10,N1
曝,2523,air out,,バク; ホク; ボク,さら.す,19
曙,2524,dawn,,ショ,あけぼの,17,N1
昂,2525,elevate,,コウ; ゴウ,あ.がる; たか.い; たか.ぶる,8,N1
昏,2526,dusk,,コン,くら.い; くれ,8
晦,2527,last day of the month,,カイ,つごもり; くら.い; みそか; くら.む,10
膿,2528,pus,,ノウ; ドウ,う.む; うみ,17
腑,2529,viscera,,フ,はらわた,12
胱,2530,bladder,,コウ,,10
胚,2531,embryo,,ハイ,はらみ; はら.む,9
肛,2532,anus,,コウ,,7
脆,2533,fragile,,ゼイ; セイ; セツ,もろ.い; よわい,10
肋,2534,rib,,ロク,あばら,6
腔,2535,body cavity,,コウ,,12
肱,2536,armrest,,コウ,かいな; ひじ; まるい,8
胡,2537,uncivilized,,ウ; コ; ゴ,なんぞ,9,N1
楓,2538,maple tree,,フウ,かえで,13,N1
楊,2539,purple willow,,ヨウ,やなぎ,13,N1
椋,2540,Oriental elm,,リョウ,むく,12,N1
榛,2541,hazel,,シン; ハン,はしばみ; はり,14,N1
櫛,2542,comb,,シツ,くし; くしけず.る,17
槌,2543,wooden hammer,,ツイ,つち,13
樵,2544,mallet,,ショウ,きこ.る; こ.る; きこり,16
梯,2545,ladder,,テイ; タイ,はしご,11
柑,2546,citrus tree,,コン; カン,,9
杭,2547,picket,,コウ,くい,8
柊,2548,holly,,シュ; シュウ,ひいらぎ,9,N1
柚,2549,citron,,ユ; ユウ; ジク,ゆず,9,N1
椀,2550,wooden bowl,,ワン,はち,12
栂,2551,hemlock,,,つが; とが,9
柾,2552,spindle tree,,,まさ; まさめ; まさき,9,N1
榊,2553,sacred tree,,,さかき,13
樫,2554,evergreen oak,,,かし,16
槙,2555,black pine,,テン; シン,まき; こずえ,14,N1
楢,2556,Japanese oak,,シュウ; ユウ,なら,13
橘,2557,mandarin orange,,キツ,たちばな,16,N1
桧,2558,Japanese cypress,,カイ,ひのき; ひ,10
棲,2559,roost,,セイ,す.む,12
栖,2560,nestle,,セイ,す.む,10
桔,2561,bellflower,,キツ; ケツ,,10
杜,2562,temple grove,,ト; トウ; ズ,もり; ふさ.ぐ; やまなし,7,N1
杷,2563,grain rake,,ハ,つか,8
梶,2564,oar,,ビ,かじ; こずえ,11
杵,2565,wooden pestle,,ショ; ソ,きね,8
杖,2566,cane,,ジョウ,つえ,7
樽,2567,barrel,,ソン,たる,16
櫓,2568,turret,,ロ,やぐら; おおだて,19
橿,2569,sturdy oak,,キョウ,かし; もちのき,17
杓,2570,wooden ladle,,シャク; チョウ; テキ; ヒョウ,ひしゃく,7
李,2571,damson,,リ,すもも,7,N1
棉,2572,raw cotton,,メン,わた,12
楯,2573,escutcheon,,ジュン,たて,13
榎,2574,hackberry,,カ,えのき,14
樺,2575,birch,,カ,かば; かんば,14,N1
槍,2576,lance,,ソウ; ショウ,やり,14
柘,2577,wild mulberry,,シャ; ジャク,そ; つげ; やまぐわ,9
梱,2578,bale,,コン,こう.る; こうり; こり; しきみ,11
枇,2579,loquat,,ビ; ヒ,,8
樋,2580,downspout,,トウ,ひ; とい,14
橇,2581,sled,,キョウ; ゼイ; セイ,そり; かんじき,16
槃,2582,enjoyment,,ハン,たら.い,14
栞,2583,bookmark,,カン,しおり,10,N1
椰,2584,coconut tree,,ヤ,やし,13,N1
檀,2585,sandalwood,,ダン; タン,まゆみ,17,N1
樗,2586,sumac,,チョ,おおち; おうち,15
槻,2587,zelkova,,キ,つき,15,N1
椙,2588,cryptomeria,,,すぎ,12
彬,2589,copious,,ヒン; フン,うるわ.しい; あき.らか,11,N1
桶,2590,bucket,,ヨウ; トウ,おけ,11
楕,2591,ellipse,,ダ; タ,,13
樒,2592,star-anise,,ミツ,しきみ; じんこう,15
毬,2593,furball,,キュウ,いが; まり,11,N1
燿,2594,twinkle,,ヨウ,かがや.く; ひかり,18,N1
燎,2595,watchfire,,リョウ,かがりび,16,N1
炬,2596,torch,,コ; キョ,,9
焚,2597,kindle,,フン; ホン; ハン,た.く; や.く; やきがり,12
灸,2598,moxa,,キュウ; ク,やいと,7
煽,2599,fanning,,セン,あお.る; おだ.てる; おこ.る,14
煤,2600,soot,,バイ; マイ,すす,13
煉,2601,firing,,レン,ね.る,12
燦,2602,dazzling,,サン,さん.たる; あき.らか; きらめ.く; きら.めく,17,N1
灼,2603,refulgent,,シャク,あらた; やく,7
烙,2604,branding,,ラク; カク,や.く,10
焔,2605,flames,,エン,ほのお,11
烹,2606,stew,,ホウ,に.る,11
牽,2607,tug,,ケン,ひ.く,11
牝,2608,female animal,,ヒン,めす; め-; めん,6
牡,2609,male animal,,ボ; ボウ,おす; お-; おん-,7
琳,2610,chime,,リン,,12,N1
琉,2611,lapis lazuli,,リュウ; ル,,11,N1
瑳,2612,burnish,,サ,みが.く,14,N1
琢,2613,hone,,タク,みが.く,11,N1
珊,2614,coral,,サン,センチ; さんち,9
瑚,2615,coral reef,,コ; ゴ,,13,N1
瑞,2616,fortunate,,ズイ; スイ,みず-; しるし,13,N1
玖,2617,jet,,キュウ; ク,,7,N1
瑛,2618,crystal stone,,エイ,,12,N1
玲,2619,tinkling,,レイ,,9,N1
畢,2620,lastly,,ヒツ,おわ.る; あみ; おわ.り; ことごとく,11
畦,2621,paddy-field ridge,,ケイ,あぜ; うね,11
痒,2622,itch,,ヨウ,かゆ.がる; かさ; かゆ.い,11
痰,2623,phlegm,,タン,,13
疹,2624,measles,,シン; チン,はしか,10
痔,2625,hemorrhoids,,ヂ; ジ,しもがさ,11
癌,2626,cancer,,ガン,,17
痺,2627,paralysis,,ヒ,しび.れる,13
眸,2628,apple of the eye,,ボウ; ム,ひとみ,11,N1
眩,2629,dizzy,,ゲン; カン,げん.す; くるめ.く; まぶ.しい; くら.む; まど.う; めま.い; まばゆ.い; くれ.る; ま.う,10
雉,2630,pheasant,,ジ; チ,きじ,13
矩,2631,carpenter’s square,,ク,かね; かねざし; さしがね,10
磐,2632,crag,,バン; ハン,いわ,15
碇,2633,grapnel,,テイ,いかり,13
碧,2634,blue-green,,ヘキ; ヒャク,,14,N1
硯,2635,inkstone,,ケン; ゲン,すずり,12
砥,2636,grindstone,,シ; テイ; キイ; チ,と; といし; と.ぐ; みが.く,10
碗,2637,teacup,,ワン,こばち,13
碍,2638,obstacle,,ガイ; ゲ,さまた.げる,13
碩,2639,illustrious,,セキ,おお.きい,14,N1
磯,2640,rocky beach,,キ,いそ,17,N1
砺,2641,whetstone,,レイ,あらと; みが.く,10
碓,2642,mill,,カク; タイ,たし.か; かく.たる,13
禦,2643,fend off,,ギョ; ゴ,ふせ.ぐ,17
祷,2644,beseech,,トウ,いの.る; いの.り; まつ.る,11
祐,2645,ancestral tablet,,ユウ; ウ,たす.ける,9,N1
祇,2646,local god,,ギ; キ; シ,くにつかみ; ただ; まさに,8
祢,2647,ancestral shrine,,ネ; デイ; ナイ,,9
禄,2648,salarium,,ロク,さいわ.い; ふち,12,N1
禎,2649,felicitation,,テイ,さいわ.い,13,N1
秤,2650,balancing scales,,ショウ; ヒン; ビン,はかり,10
黍,2651,millet,,ショ,きび,12
禿,2652,bald,,トク,ちび.る; かむろ; は.げる; はげ,7
稔,2653,bear fruit,,ネン; ジン; ニン,みの.る; みのり,13,N1
稗,2654,crabgrass,,ハイ; ヒ,ひえ,14
穣,2655,bumper crop,,ジョウ,わら; ゆたか,18,N1
稜,2656,imperial authority,,リョウ; ロウ,いつ; かど,13,N1
稀,2657,sparse,,キ; ケ,まれ; まばら,12,N1
穆,2658,obeisant,,ボク; モク,やわ.らぐ,16
窺,2659,peep,,キ,うかが.う; のぞく,16
窄,2660,tight,,サク,すぼ.める; つぼ.める; せま.い,10
穿,2661,drill,,セン,うが.つ; は.く,10
竃,2662,kitchen stove,,ソウ,かまど; かま; へっつい,17
竪,2663,longness,,ジュ,たて; た.てる; こども,14
颯,2664,rustling,,サツ; ソウ,さっ.と,14,N1
站,2665,outpost,,タン,た.つ; たたず.む; えき,10
靖,2666,repose,,セイ; ジョウ,やす.んじる,13,N1
妾,2667,concubine,,ショウ,めかけ; そばめ; わらわ,8
衿,2668,lapel,,キン; コン,えり,9,N1
袷,2669,lined kimono,,コウ; キョウ,あわせ,11
袴,2670,pleated skirt,,コ; ク,はかま; ずぼん,11
襖,2671,sliding door,,オウ,ふすま; あお,17
笙,2672,Chinese panpipe,,ショウ; ソウ,ふえ,11,N1
筏,2673,raft,,バツ; ハツ; ボチ,いかだ,12
簾,2674,bamboo blinds,,レン,すだれ; す,19
箪,2675,rattan box,,タン,はこ,15
竿,2676,pole,,カン,さお,9
箆,2677,spatula,,ヘイ; ハイ,へら; の; くし,14
箔,2678,foil,,ハク,すだれ,14
笥,2679,wardrobe,,ス; シ,け; はこ,11
箭,2680,arrow shaft,,セン,や,15
筑,2681,ancient harp,,チク,,12
篠,2682,slender bamboo,,ゾウ; ショウ,しの; ささ; すず,17
纂,2683,redaction,,サン,あつ.める,20
竺,2684,bamboo cane,,ジク; チク; トク,,8
箕,2685,winnowing fan,,キ,み,14
笈,2686,backpack,,キュウ,,9
篇,2687,livraison,,ヘン,,15
筈,2688,should,,カツ,はず; やはず,12
簸,2689,winnow,,ハ,ひ.る,19
粕,2690,settlings,,ハク,かす,11
糟,2691,lees,,コウ; ソウ,ぬか,17
糊,2692,paste,,コ; ゴ; コツ,のり,15
籾,2693,unhulled rice,,,もみ,9
糠,2694,rice bran,,コウ,ぬか,17
糞,2695,excrement,,フン,くそ,17
粟,2696,foxtail millet,,ゾク; ショク; ソク,あわ; もみ,12
繋,2697,link up,,ケイ,つな.ぐ; かか.る; か.ける,17
綸,2698,twine,,リン; カン,いと,14,N1
絨,2699,carpet yarn,,ジュウ,,12
絆,2700,ties,,ハン,きずな; ほだ.す; つな.ぐ,11
緋,2701,scarlet,,ヒ,あけ; あか,14,N1
綜,2702,synthesis,,ソウ,おさ.める; す.べる,14,N1
紐,2703,string,,チュウ; ジュウ,ひも,10
紘,2704,chinstrap,,コウ,おおづな; つな; つなぐ,10,N1
纏,2705,summarize,,テン; デン,まつ.わる; まと.う; まと.める; まと.まる; まと.い,21
絢,2706,gorgeous,,ケン,,12,N1
繍,2707,embroidery,,シュウ,ぬいとり,17
紬,2708,pongee,,チュウ,つむぎ; つむ.ぐ,11,N1
綺,2709,ornate,,キ,あや,14,N1
綾,2710,damask,,リン,あや,14,N1
絃,2711,catgut,,ゲン,いと,11,N1
縞,2712,stripe,,コウ,しま; しろぎぬ,16
綬,2713,gimp,,ジュ,ひも,14
紗,2714,gossamer,,サ; シャ,うすぎぬ,10,N1
舵,2715,rudder,,ダ; タ,かじ,11
聯,2716,strung together,,レン,つら.なる; つら.ねる,17
聡,2717,attentive,,ソウ,さと.い; みみざと.い,14,N1
聘,2718,summons,,ヘイ,へい.する; と.う; め.す,13
耽,2719,addiction,,タン,ふけ.る,10
耶,2720,exclamation,,ヤ; ジャ,か,9,N1
蚤,2721,flea,,ソウ,のみ; はやい,10
蟹,2722,crab,,カイ,かに,19
蛋,2723,protein,,タン,,11
蟄,2724,hibernation,,チツ; チュウ,ちっ.する; かく.れる,17
蝿,2725,housefly,,ヨウ,はえ; はい,15
蟻,2726,ant,,ギ,あり,19
蝋,2727,wax,,ロウ,みつろう; ろうそく,14
蝦,2728,shrimp,,カ; ゲ,えび,15
蛸,2729,octopus,,ソウ; ショウ,たこ,13
螺,2730,screw,,ラ,にし; にな,17
蝉,2731,cicada,,セン; ゼン,せみ,15
蛙,2732,frog,,ア; ワ,かえる; かわず,12
蛾,2733,moth,,ギ; ガ,ひむし,13
蛤,2734,clam,,コウ,はまぐり,12
蛭,2735,leech,,シツ; チツ,ひる,12
蛎,2736,oyster,,レイ,かき,11
罫,2737,ruled lines,,ケイ; カイ; ケ,,13
袈,2738,stole,,ケ; カ,,11,N1
裟,2739,monk’s sash,,サ; シャ,,13,N1
截,2740,incision,,セツ; サイ,き.る; た.つ,14
哉,2741,I wonder,,サイ,かな; や,9,N1
詢,2742,counsel,,ジュン; シュン,はか.る; まこと,13,N1
諄,2743,polite,,シュン,ひちくど.い; くど.い; くどくど; ねんご.ろ,15,N1
讐,2744,vendetta,,シュウ,あだ; むく.いる; あ.たる,23
諌,2745,remonstrate,,カン,いさ.め; いさ.める,15
諒,2746,verify,,リョウ,あきら.か; まことに,15,N1
讃,2747,compliment,,サン,ほ.める; たた.える,22
訊,2748,query,,ジン; シュン; シン,き.く; と.う; たず.ねる,10
訣,2749,split up,,ケツ,わかれ; わかれ.る,11
詫,2750,beg another’s pardon,,タ,わび; わび.しい; かこつ; わ.びる; わび.る,13
誼,2751,familiarity,,ギ,よしみ; よい,15,N1
謬,2752,fallible,,ビュウ; ビョウ; ミュウ,あやま.る,18
訝,2753,wary,,ガ; ゲ,いぶか.る,12
諺,2754,proverb,,ゲン,ことわざ,16
誹,2755,slander,,ヒ; ハイ,そし.る,15
謂,2756,so-called,,イ,い.う; いい; おも.う; いわゆる,16
諜,2757,secret agent,,チョウ,ちょう.ずる; うかが.う; しめ.す,16
註,2758,footnote,,チュウ,,12
譬,2759,parable,,ヒ,たと.える; たと.え,20
轟,2760,rumble,,ゴウ; コウ,とどろ.かす; とどろ.く,21
輔,2761,reinforce,,ホ; フ,たす.ける,14,N1
輻,2762,spoke,,フク,や,16
輯,2763,assemble,,シュウ,あつ.める; やわ.らぐ,16
豹,2764,panther,,ヒョウ; ホウ,,10
賎,2765,despicable,,セン; ゼン,いや.しい; いや.しむ; いや.しめる; しず; やす.い,13
貰,2766,get,,セイ; シャ,もら.う,12
賑,2767,bustling,,シン,にぎ.わい; にぎ.やか; にぎ.わす; にぎ.わう,14
贖,2768,expiate,,ショク,あがな.う,22
躓,2769,stumble,,チ,つまず.く,22
蹄,2770,hoof,,テイ,ひづめ,16
蹟,2771,vestiges,,セキ; シャク,あと,18
跨,2772,straddle,,コ; カ,また.がる; またが.る; また.ぐ,13
跪,2773,kneel,,キ,ひざまず.く,13
醤,2774,soy sauce,,ショウ,ひしお,17
醍,2775,whey,,ダイ; タイ; テイ,,16
醐,2776,ghee,,ゴ; コ,,16
醇,2777,strong sake,,ジュン; シュン,もっぱら; こい; あつい,15
麹,2778,malt,,キク,こうじ,15
釦,2779,button,,コウ; ク,ぼたん,11
銚,2780,keg,,チョウ; ヨウ,なべ,14
鋤,2781,plow,,ジョ; ショ; ソ,す.く; すき; くわ,15
鋸,2782,hand saw,,キョ; コ,のこ; のこぎり,16
錐,2783,awl,,スイ,きり,16
鍬,2784,hoe,,ショウ; シュウ,くわ; すき,17
鋲,2785,rivet,,,びょう,15
錫,2786,tin,,セキ; シャク,すず; たま.う,16
錨,2787,anchor,,ビョウ; ミョウ,いかり,16
釘,2788,nail,,テイ; チョウ,くぎ,10
鑓,2789,javelin,,,やり,21
鋒,2790,sword’s point,,ホウ,きっさき; とかり; ほこさき,15
鎚,2791,hammer,,ツイ; タイ,つち,17
鉦,2792,carillion,,セイ; ショウ,かね,13
錆,2793,rust,,ショウ; セイ,さび; くわ.しい,16
鍾,2794,cluster,,ショウ; シュ,あつ.める; さかずき; かね,17
鋏,2795,scissors,,キョウ,はさみ; はさ.む; つるぎ,15
閃,2796,flash,,セン,ひらめ.く; ひらめ.き; うかが.う,10
悶,2797,agony,,モン,もだ.える; もだえ.る,12
閤,2798,side gate,,コウ,くぐりど,14
雫,2799,trickle,,ダ,しずく,11
霞,2800,haze,,カ; ゲ,かすみ; かす.む,17,N1
翰,2801,quill,,カン,はね; ふで; やまどり; ふみ,16
斡,2802,auspices,,アツ; カン; ワツ,めぐ.る; めぐ.らす,14
鞍,2803,saddle,,アン,くら,15
鞭,2804,whip,,ベン; ヘン,むち; むちうつ,18
鞘,2805,saddle straps,,ショウ; ソウ,さや,16
鞄,2806,briefcase,,ハク; ホウ; ビョウ,かばん,14
靭,2807,pliable,,ジン; ニン; サ; サイ; サツ,うつぼ; しな.やか; ゆぎ,12
鞠,2808,terminate,,キク; キュウ,まり,17,N1
顛,2809,overturn,,テン,いただき; たお.れる,19
穎,2810,brush tip,,エイ,ほさき; のぎ,16
頗,2811,exceedingly,,ハ,すこぶ.る; かたよ.る,14
頌,2812,accolade,,ショウ; ジュ; ヨウ,かたち; たた.える; ほめ.る,13,N1
頚,2813,neck and throat,,ケイ,くび,14
餐,2814,repast,,サン; ソン,の.む; くら.う,16
饗,2815,feast,,キョウ,う.ける; もてな.す,22
蝕,2816,eclipse,,ショク,むしば.む,14
飴,2817,sweets,,イ; シ,あめ; やしな.う,13
駕,2818,stretcher,,カ; ガ,かご; が.する; しのぐ; のる,15
騨,2819,piebald,,タン; ダン; タ; ダ; テン,,19
馳,2820,rush,,チ; ジ,は.せる,13
騙,2821,cheat,,ヘン,かた.る; だま.す,19
馴,2822,tame,,ジュン; シュン; クン,な.れる; な.らす; したが.う,13
駁,2823,rebuttal,,ハク; バク,ぶち; まじ.る; まだら,14
駈,2824,gallop,,ク,か.ける; か.る,15
驢,2825,donkey,,ロ; リョ,うさぎうま,26
鰻,2826,eel,,マン; バン,うなぎ,22
鯛,2827,sea bream,,チョウ,たい,19,N1
鰯,2828,sardine,,,いわし,21
鱒,2829,trout,,ソン; セン; ザン,ます,23
鮭,2830,salmon,,カイ; ケイ,さけ; しゃけ; ふぐ,17
鮪,2831,tuna,,キ; ユウ; イ,まぐろ; しび,17
鮎,2832,sweet smelt,,デン; ネン,あゆ; なまず,16,N1
鯵,2833,horse mackerel,,ソウ,あじ,19
鱈,2834,cod,,セツ,たら,22
鯖,2835,mackerel,,セイ; ショウ,さば,19
鮫,2836,shark,,コウ,さめ; みずち,17
鰹,2837,bonito,,ケン,かつお,23
鰍,2838,bullhead,,シュウ; シュ,かじか; いなだ; どじょう,20
鰐,2839,alligator,,ガク,わに,20
鮒,2840,crucian carp,,ホ; フ; ブ,ふな,16
鮨,2841,sushi,,シ; キ,すし,17
鰭,2842,fish fin,,キ; ギ,ひれ,21
鴎,2843,seagull,,オウ,かもめ,15
鵬,2844,roc,,ホウ,おおとり,19,N1
鸚,2845,parakeet,,イン; オウ; ヨウ,,28
鵡,2846,parrot,,ブ; ム,,19
鵜,2847,cormorant,,テイ; ダイ,う,18
鷺,2848,heron,,ロ,さぎ,24
鷲,2849,eagle,,シュウ; ジュ,わし,23
鴨,2850,wild duck,,オウ,かも; あひる,16
鳶,2851,black kite,,エン,とび; とんび,14
梟,2852,owl,,キョウ,ふくろう,11
塵,2853,dust,,チン; ジン,ちり; ごみ,14
麒,2854,giraffe,,キ,,19
舅,2855,father-in-law,,キュウ,しゅうと,13
鼠,2856,mouse,,ソ; ショ,ねずみ; ねず,13
鑿,2857,bore,,サク,のみ; うが.つ,28
艘,2858,small craft,,ショウ; シュウ; ソウ,ふね,16
瞑,2859,close the eyes,,メイ; ベン; ミョウ; ミン; メン,めい.する; つぶ.る; つむ.る; くら.い,15
暝,2860,murky,,メイ; ミョウ,くら.い,14
坐,2861,sitting in meditation,,ザ; サ,すわ.る; おわす; そぞろに; まします,7
朔,2862,first day of the month,,サク,ついたち,10,N1
曳,2863,tow,,エイ,ひ.く,6
洩,2864,dribble out,,エイ; セツ,も.らす; の.びる; も.れる,9
彗,2865,comet,,スイ; エ; ケイ; セイ,ほうき,11,N1
慧,2866,astute,,ケイ; エ,さとい,15,N1
爾,2867,let it be,,ジ; ニ,なんじ; しかり; その; のみ; おれ; しか,14,N1
嘉,2868,applaud,,カ,よみ.する; よい,14,N1
兇,2869,evil,,キョウ,おそ.れる; わる.い,6
兜,2870,helmet,,トウ; ト,かぶと,11
靄,2871,mist,,アイ,もや,24
劫,2872,kalpa,,コウ; ゴウ; キョウ,おびや.かす,7
歎,2873,bemoan,,タン,なげ.く; なげ.き,14
輿,2874,palanquin,,ヨ,かご; こし,17
歪,2875,warped,,ワイ; エ,いが.む; いびつ; ひず.む; ゆが.む,9
翠,2876,jade green,,スイ,かわせみ; みどり,14,N1
黛,2877,blue-black,,タイ,まゆずみ,16,N1
鼎,2878,tripod,,テイ,かなえ,13
鹵,2879,rocksalt,,ロ,しお; しおち; たて,11
鹸,2880,lye,,ケン; カン; セン,あ.く,19
虔,2881,reserved,,ケン,つつし.む,10
燕,2882,swallow,,エン,つばめ; つばくら; つばくろ,16
嘗,2883,lick,,ショウ; ジョウ,かつ.て; こころ.みる; な.める,14
殆,2884,almost,,タイ; サイ,ほとほと; ほとん.ど; あやうい,9
牌,2885,mahjong tiles,,ハイ,ぱい; ふだ,12
覗,2886,peek,,シ,のぞ.く; うかが.う,12
齟,2887,disagree,,ソ; サ; ショ,かむ,20
齬,2888,discord,,ゴ,,22
秦,2889,Manchu dynasty,,シン,はた,10,N1
雀,2890,sparrow,,ジャク; ジャン; サク; シャク,すずめ,11
隼,2891,peregrine falcon,,シュン; ジュン,はやぶさ,10,N1
耀,2892,shimmering,,ヨウ,かがや.く; ひかり,20,N1
夷,2893,ebisu,,イ,えびす; えみし; ころ.す; たい.らげる,6
嚢,2894,cyst,,ノウ; ドウ,ふくろ,18
暢,2895,carefree,,チョウ,のび.る,14,N1
廻,2896,circling,,カイ; エ,まわ.る; まわ.す; もとお.る; めぐ.る; めぐ.らす,9
欣,2897,elation,,キン; ゴン; コン,よろこ.ぶ; よろこ.び,8,N1
毅,2898,stalwart,,キ; ギ,つよ.い,15,N1
斯,2899,this,,シ,か; こう; か.く; この; これ; ここに,12
匙,2900,wooden spoon,,シ,さじ,11
匡,2901,set straight,,キョウ; オウ,すく.う; ただ.す,6,N1
肇,2902,founding,,チョウ; ジョウ; トウ,はじ.める; はじめ,14,N1
麿,2903,Utamaro,,,まろ,18,N1
叢,2904,conglomerate,,ソウ; ス,くさむら; むら.がる; むら,18
肴,2905,entreat,,コウ,さかな,8
斐,2906,symmetrically patterned,,ヒ; イ,,12,N1
卿,2907,magistrate,,ケイ; キョウ,きみ,12
翫,2908,fiddle with,,ガン,もてあそ.ぶ,15
於,2909,within,,オ; ヨ,おい.て; お.ける; ああ; より,8,N1
套,2910,hackneyed,,トウ,かさ.ねる,10
叛,2911,rebellion,,ハン; ホン,そむ.く,9
尖,2912,sharp point,,セン,とが.る; さき; するど.い,6
壷,2913,crock,,コ,つぼ,11
叡,2914,sapience,,エイ,あき.らか,16,N1
酋,2915,chieftain,,シュウ; ジュ,おさ; ふるざけ; さけのつかさ,9
鴬,2916,nightingale,,オウ,うぐいす,16
赫,2917,incandescent,,カク,あかい; あか; かがや.く,14
臥,2918,supinate,,ガ,ふせ.る; ふ.せる; ふ.す,9
甥,2919,nephew,,セイ; ソウ; ショウ,おい; むこ,12
瓢,2920,gourd,,ヒョウ,ひさご; ふくべ,17
琵,2921,biwa,,ビ; ヒ,,12
琶,2922,lute,,ハ; ベ; ワ,,12
叉,2923,forked,,サ; シャ; サイ,また,3
乖,2924,disobey,,カイ,そむ.く; もとる,8
畠,2925,dry field,,,はたけ; はた,10
圃,2926,vegetable patch,,ホ; フ,はたけ; にわ,10
丞,2927,helping hand,,ジョウ; ショウ,すく.う; たす.ける,6,N1
亮,2928,translucent,,リョウ,あきらか,9,N1
胤,2929,blood relative,,イン,たね,9,N1
疏,2930,transcription,,ソ; ショ,あら.い; うと.い; うと.む; とお.る; とお.す; まばら,12
膏,2931,ointment,,コウ,あぶら,14
魁,2932,pioneer,,カイ,さきがけ; かしら,14,N1
馨,2933,ambrosial,,ケイ; キョウ,かお.る; かおり,20,N1
牒,2934,label,,チョウ; ジョウ,ふだ,13
瞥,2935,glimpse,,ベツ; ヘツ,,17
睾,2936,testicle,,コウ,,14
巫,2937,sorceress,,フ,みこ; かんなぎ,7
敦,2938,empathetic,,トン; タイ; ダン; チョウ,あつ.い,12,N1
奎,2939,Andromeda,,ケイ; キ,,9,N1
翔,2940,soar,,ショウ,かけ.る; と.ぶ,12,N1
皓,2941,beaming,,コウ,しろ.い; ひか.る,12,N1
黎,2942,tenebrous,,レイ; リ,くろ.い,15,N1
赳,2943,bold,,キュウ,,10,N1
已,2944,stop short,,イ,や.む; すで.に; のみ; はなはだ,3
棘,2945,thornbush,,キョク,いばら; とげ,12
祟,2946,haunt,,スイ,たた.る; たた.り,10
甦,2947,resuscitate,,ソ; コウ,よみがえ.る,12
剪,2948,pruning,,セン,き.る; つ.む,11
躾,2949,upbringing,,,しつ.ける; しつけ,16
夥,2950,plentiful,,カ; ワ,おびただ.しい,14
鼾,2951,snore,,カン,いびき,17
陀,2952,steeply inclined,,タ; ダ; イ; チ; ジ,けわ.しい; ななめ,8
粁,2953,kilometer,,,キロメートル,9
糎,2954,centimeter,,,センチ; センチメートル,15
粍,2955,millimeter,,,ミリ; ミリメートル,10
噸,2956,ton,,トン,,16
哩,2957,mile,,リ,まいる,10
浬,2958,nautical mile,,リ,かいり; のっと,10
吋,2959,inch,,トウ; ドウ; スン,インチ,6
呎,2960,foot,,シャク,ふいいと,7
梵,2961,brahman,,ボン; フウ,,11
薩,2962,bodhisattva,,サツ; サチ,,17
菩,2963,bo tree,,ボ,,11
唖,2964,babble,,ア; アク,おし,10
牟,2965,moo,,ボウ; ム,,6
迦,2966,Sanskrit ka,,カ; ケ,,8
珈,2967,jeweled hairpin,,カ,かみかざり,9
琲,2968,beaded hairpin,,ハイ,つらぬく,12
檜,2969,Japanese cypress (old),,カイ,ひのき; ひ,17
轡,2970,tinkling bell,,ヒ,くつわ; たづな,22
淵,2971,abyss (old),,エン; カク; コウ,ふち; かた.い; はなわ,12
伍,2972,V,,ゴ,いつつ,6,N1
什,2973,X,,ジュウ; シュウ,,4
萬,2974,ten thousand (old),,マン; バン,よろず,12
邁,2975,pass through,,マイ; バイ,ゆ.く,17
燭,2976,candlelight,,ソク; ショク,ともしび,17
逞,2977,tough,,テイ,たくま.しい,11
燈,2978,lamp (old),,トウ,ひ; ほ-; ともしび; とも.す; あかり,16
裡,2979,back (old),,リ,うち; うら,12
薗,2980,park (alternate),,エン; オン,,16
鋪,2981,shop (alternate),,ホ; フ,しく; みせ,15
嶋,2982,island (alternate),,トウ,しま,14
峯,2983,summit (alternate),,ホウ,みね; ね,10
埜,2984,plains (old),,ヤ; ショ,の,11
龍,2985,dragon (old),,リュウ; リョウ; ロウ,たつ,16
寵,2986,patronage,,チョウ,めぐ.み; めぐ.む,19
聾,2987,deafness,,ロウ,ろう.する; つんぼ; みみしい,22
慾,2988,longing (old),,ヨク,,15
嶽,2989,Point (old),,ガク,たけ,17
國,2990,country (old),,コク,くに,11
脛,2991,shin,,ケイ,すね; はぎ,11
勁,2992,formidable,,ケイ,つよ.い,9,N1
祀,2993,enshrine,,シ,まつ.る; まつり,8
祓,2994,exorcism,,フツ; ハイ,はら.う,9
躇,2995,dither,,チョ; チャク,ためら.う,19
壽,2996,longevity (old),,ジュ; ス; シュウ,ことぶき; ことぶ.く; ことほ.ぐ,14
躊,2997,hesitate,,チュウ; チュ; シュウ; ジュ,ためら.う,21
饅,2998,bean jam,,マン,,20
嘔,2999,retch,,オウ; ク,は.く; むかつ.く; うた.う,14
鼈,3000,snapping turtle,,ベツ; ヘツ,すっぽん,25
亙
亨
伶
佑
佼
侑
俣
倖
傭
僻
卜
喬
孟
尭
峨
嵯
巌
巽
彪
掟
掠
撹
梧
欝
欽
煕
熔
珪
瑶
甫
籠
聚
舘
舜
詑
諏
躯
郁
鏑
